kecamatan,periode,ndvi_unmasked_mean,ndvi_cropland_mean,cropland_pct
Rembang,2017Q2,0.5287945058196962,0.5373744053729608,50.751505873221056
Pancur,2017Q2,0.7403529802069642,0.6064968669034055,15.481337496922354
Lasem,2017Q2,0.6371367482421402,0.5572621412842161,16.459052860811457
Kragan,2017Q2,0.6961720209820598,0.6189277300248627,29.170556633757567
Sluke,2017Q2,0.7243340409561942,0.6161802822683433,9.12217467688561
Pamotan,2017Q2,0.6800688743783776,0.6325573259443392,36.56497268033711
Sulang,2017Q2,0.6412287217709755,0.5692309043179895,40.142089477030915
Sarang,2017Q2,0.6586701218377833,0.6091049178554148,49.28458162386916
Sedan,2017Q2,0.7282635789605911,0.6375500813848733,26.368444325462082
Kaliori,2017Q2,0.4347153230317595,0.4778767440175881,57.65315120181934
Gunem,2017Q2,0.7025528495457692,0.6136767067455376,24.57658219889265
Sale,2017Q2,0.7415160019295807,0.5883715990015121,15.059284300707068
Sumber,2017Q2,0.5906601376116274,0.5023986809246014,49.12904702586943
Bulu,2017Q2,0.7093180740354816,0.528673525842186,17.451105549217562
Rembang,2017Q3,0.39950140654291905,0.386931146399052,50.751505873221056
Pancur,2017Q3,0.6003248699230594,0.4469178114031208,15.481337496922354
Lasem,2017Q3,0.5233407110787395,0.4183567381060479,16.459052860811457
Kragan,2017Q3,0.5506729524123456,0.43008078397493515,29.170556633757567
Sluke,2017Q3,0.5709688176462991,0.3891114899425944,9.12217467688561
Pamotan,2017Q3,0.5136056160484036,0.47167598743463224,36.56497268033711
Sulang,2017Q3,0.5265707697485974,0.4539200770329223,40.142089477030915
Sarang,2017Q3,0.44062705146399717,0.3757900967120715,49.28458162386916
Sedan,2017Q3,0.5554459882305388,0.45421365894777177,26.368444325462082
Kaliori,2017Q3,0.31907645078561475,0.33467350140486785,57.65315120181934
Gunem,2017Q3,0.5332294884604487,0.4564378003167973,24.57658219889265
Sale,2017Q3,0.5542816719947748,0.4847818207546639,15.059284300707068
Sumber,2017Q3,0.4894535470119507,0.43444100420275517,49.12904702586943
Bulu,2017Q3,0.5973814544824121,0.4980935651161695,17.451105549217562
Rembang,2017Q4,,,50.751505873221056
Pancur,2017Q4,,,15.481337496922354
Lasem,2017Q4,,,16.459052860811457
Kragan,2017Q4,,,29.170556633757567
Sluke,2017Q4,,,9.12217467688561
Pamotan,2017Q4,,,36.56497268033711
Sulang,2017Q4,,,40.142089477030915
Sarang,2017Q4,,,49.28458162386916
Sedan,2017Q4,,,26.368444325462082
Kaliori,2017Q4,,,57.65315120181934
Gunem,2017Q4,,,24.57658219889265
Sale,2017Q4,,,15.059284300707068
Sumber,2017Q4,,,49.12904702586943
Bulu,2017Q4,,,17.451105549217562
Rembang,2018Q1,,,50.751505873221056
Pancur,2018Q1,,,15.481337496922354
Lasem,2018Q1,,,16.459052860811457
Kragan,2018Q1,,,29.170556633757567
Sluke,2018Q1,,,9.12217467688561
Pamotan,2018Q1,,,36.56497268033711
Sulang,2018Q1,,,40.142089477030915
Sarang,2018Q1,,,49.28458162386916
Sedan,2018Q1,,,26.368444325462082
Kaliori,2018Q1,,,57.65315120181934
Gunem,2018Q1,,,24.57658219889265
Sale,2018Q1,,,15.059284300707068
Sumber,2018Q1,,,49.12904702586943
Bulu,2018Q1,,,17.451105549217562
Rembang,2018Q2,0.51477072481426,0.5313509330586911,50.751505873221056
Pancur,2018Q2,0.7174962042878675,0.5734731670736773,15.481337496922354
Lasem,2018Q2,0.6306437431818294,0.5476198084609921,16.459052860811457
Kragan,2018Q2,0.6419153351468216,0.5007613776509027,29.170556633757567
Sluke,2018Q2,0.7151566898681697,0.5779282472030405,9.12217467688561
Pamotan,2018Q2,0.6522525402563693,0.5876892891756574,36.56497268033711
Sulang,2018Q2,0.6325466269204074,0.5667291336292705,40.142089477030915
Sarang,2018Q2,0.6082888062899781,0.5352514141687783,49.28458162386916
Sedan,2018Q2,0.67891527146381,0.5450270833746432,26.368444325462082
Kaliori,2018Q2,0.5272616145106522,0.6406980272730037,57.65315120181934
Gunem,2018Q2,0.6909931704518469,0.6021890397950552,24.57658219889265
Sale,2018Q2,0.7142263747423899,0.5422382744271509,15.059284300707068
Sumber,2018Q2,0.6501666468160461,0.6206119872801049,49.12904702586943
Bulu,2018Q2,0.6838367627266732,0.48317568631279395,17.451105549217562
Rembang,2018Q3,0.2802141135423453,0.25957072878868975,50.751505873221056
Pancur,2018Q3,0.524638487325196,0.3810283935688101,15.481337496922354
Lasem,2018Q3,0.43455411153477425,0.32253070410762313,16.459052860811457
Kragan,2018Q3,0.49692668986846694,0.38835269920140514,29.170556633757567
Sluke,2018Q3,0.5051413787501673,0.3487054989795868,9.12217467688561
Pamotan,2018Q3,0.4494386210919563,0.40897423392036913,36.56497268033711
Sulang,2018Q3,0.425396235579404,0.3716553395256984,40.142089477030915
Sarang,2018Q3,0.4372720906944899,0.3662870687935685,49.28458162386916
Sedan,2018Q3,0.5532625901444683,0.46473740651496864,26.368444325462082
Kaliori,2018Q3,0.25540585402629284,0.26252159520563184,57.65315120181934
Gunem,2018Q3,0.48379194913396406,0.3985376833698613,24.57658219889265
Sale,2018Q3,0.5548267176250877,0.5219612900693972,15.059284300707068
Sumber,2018Q3,0.4091994526329075,0.355688926825541,49.12904702586943
Bulu,2018Q3,0.5314687216945664,0.41397897597434424,17.451105549217562
Rembang,2018Q4,0.231749863937855,0.19374890192898278,50.751505873221056
Pancur,2018Q4,0.39876900311646896,0.2496360508135982,15.481337496922354
Lasem,2018Q4,0.35111999324902055,0.2173444121014284,16.459052860811457
Kragan,2018Q4,0.3905393326987716,0.25681043018657407,29.170556633757567
Sluke,2018Q4,0.3926194224010162,0.2828019261112213,9.12217467688561
Pamotan,2018Q4,0.30280167637254196,0.2626101866989061,36.56497268033711
Sulang,2018Q4,0.28505474308256823,0.23689630808744874,40.142089477030915
Sarang,2018Q4,0.2737341938931542,0.22724839989054532,49.28458162386916
Sedan,2018Q4,0.33761133769199175,0.2512443896145936,26.368444325462082
Kaliori,2018Q4,0.20543689072226595,0.19996983496599569,57.65315120181934
Gunem,2018Q4,0.31257345509449086,0.23553464007726208,24.57658219889265
Sale,2018Q4,0.3518695142230773,0.3578005644683712,15.059284300707068
Sumber,2018Q4,0.33623949848935214,0.2946887803752687,49.12904702586943
Bulu,2018Q4,0.3470570233491834,0.27220130030270995,17.451105549217562
Rembang,2019Q1,0.4676995855222266,0.5349545063903751,50.751505873221056
Pancur,2019Q1,0.6229911888043488,0.6507308669369036,15.481337496922354
Lasem,2019Q1,0.42949936506392167,0.5553612468672993,16.459052860811457
Kragan,2019Q1,0.4947111074738084,0.5066309773009675,29.170556633757567
Sluke,2019Q1,0.43458220374932505,0.5144497279799018,9.12217467688561
Pamotan,2019Q1,0.6556367551311368,0.6430836521583464,36.56497268033711
Sulang,2019Q1,0.5990553997238699,0.574199797679585,40.142089477030915
Sarang,2019Q1,0.5587810523148414,0.5553051168129243,49.28458162386916
Sedan,2019Q1,0.5720532152079395,0.5016808588719839,26.368444325462082
Kaliori,2019Q1,0.4521929632481211,0.5831177928758203,57.65315120181934
Gunem,2019Q1,0.6167889198240893,0.5843950998499221,24.57658219889265
Sale,2019Q1,0.6081758039207904,0.5126528580131132,15.059284300707068
Sumber,2019Q1,0.5943929367327652,0.5878185172185056,49.12904702586943
Bulu,2019Q1,0.6974608537330649,0.631952012537689,17.451105549217562
Rembang,2019Q2,0.4661145410996118,0.4885664637178224,50.751505873221056
Pancur,2019Q2,0.6027726015514341,0.5021264344952501,15.481337496922354
Lasem,2019Q2,0.5428221635332358,0.4660014004049169,16.459052860811457
Kragan,2019Q2,0.5956051736383453,0.5239322114611639,29.170556633757567
Sluke,2019Q2,0.6477088725385237,0.5193812278265768,9.12217467688561
Pamotan,2019Q2,0.5763682744884637,0.5330904491241766,36.56497268033711
Sulang,2019Q2,0.5493758780288495,0.5004025698110417,40.142089477030915
Sarang,2019Q2,0.5352784944741602,0.4940625810763111,49.28458162386916
Sedan,2019Q2,0.5530435604156163,0.4719223230271345,26.368444325462082
Kaliori,2019Q2,0.4013630364309531,0.48474173021542644,57.65315120181934
Gunem,2019Q2,0.5605972272313311,0.47815102477191046,24.57658219889265
Sale,2019Q2,0.5931889742221745,0.4673629679589064,15.059284300707068
Sumber,2019Q2,0.5384560617877973,0.47817787475831053,49.12904702586943
Bulu,2019Q2,0.6046980970525296,0.43822232769933894,17.451105549217562
Rembang,2019Q3,0.2532361088767672,0.23630127141217364,50.751505873221056
Pancur,2019Q3,0.4571315757244508,0.30617939664459304,15.481337496922354
Lasem,2019Q3,0.4057203497624148,0.27277909690432856,16.459052860811457
Kragan,2019Q3,0.44659376159738773,0.32570589442066045,29.170556633757567
Sluke,2019Q3,0.45797624910230583,0.3198920920067292,9.12217467688561
Pamotan,2019Q3,0.35213579232606906,0.324708576155614,36.56497268033711
Sulang,2019Q3,0.3448799253757944,0.3106942784692464,40.142089477030915
Sarang,2019Q3,0.33875037309764844,0.2837428021577362,49.28458162386916
Sedan,2019Q3,0.4140959457320625,0.3335050757701088,26.368444325462082
Kaliori,2019Q3,0.20434982925963116,0.20709147687722487,57.65315120181934
Gunem,2019Q3,0.3367472216905447,0.28981990826239773,24.57658219889265
Sale,2019Q3,0.37925951308753714,0.38236319738237684,15.059284300707068
Sumber,2019Q3,0.35177225607037416,0.3186730903816535,49.12904702586943
Bulu,2019Q3,0.4213585651630298,0.3944426876617641,17.451105549217562
Rembang,2019Q4,0.2138497204473587,0.19306817162397916,50.751505873221056
Pancur,2019Q4,0.34803342442169083,0.2146361586720617,15.481337496922354
Lasem,2019Q4,0.2830107444596683,0.19905244554760573,16.459052860811457
Kragan,2019Q4,0.36847202759763303,0.2604706164673997,29.170556633757567
Sluke,2019Q4,0.39517747473375975,0.3035228033330807,9.12217467688561
Pamotan,2019Q4,0.2715082185461804,0.23974201983217416,36.56497268033711
Sulang,2019Q4,0.2547959247366768,0.21397701428519172,40.142089477030915
Sarang,2019Q4,0.22788251082817687,0.19330958223594774,49.28458162386916
Sedan,2019Q4,0.2987011154849897,0.2234790016861356,26.368444325462082
Kaliori,2019Q4,0.16577487221752069,0.1674786216723347,57.65315120181934
Gunem,2019Q4,0.2723482898045615,0.20671759372299003,24.57658219889265
Sale,2019Q4,0.33233277159615104,0.344975065348661,15.059284300707068
Sumber,2019Q4,0.25429899060463573,0.2152434130509009,49.12904702586943
Bulu,2019Q4,0.30382859376723736,0.24147022760882333,17.451105549217562
Rembang,2020Q1,0.46290226299746634,0.4903277020708116,50.751505873221056
Pancur,2020Q1,0.4034505029426747,0.3789599858048838,15.481337496922354
Lasem,2020Q1,0.2859698505441231,0.3641168701007357,16.459052860811457
Kragan,2020Q1,0.2316421670656865,0.34242311073020726,29.170556633757567
Sluke,2020Q1,0.21804000065967133,0.20564835722434494,9.12217467688561
Pamotan,2020Q1,0.585336013159708,0.5569533104816032,36.56497268033711
Sulang,2020Q1,0.5367311988005405,0.5016792532028029,40.142089477030915
Sarang,2020Q1,0.5385431460468912,0.4889495416882481,49.28458162386916
Sedan,2020Q1,0.4710907616004944,0.3874684827003638,26.368444325462082
Kaliori,2020Q1,0.4186771632458412,0.5105575665626164,57.65315120181934
Gunem,2020Q1,0.4042965103483713,0.3173256216942385,24.57658219889265
Sale,2020Q1,0.47744420672676674,0.3684178581651732,15.059284300707068
Sumber,2020Q1,0.5533606075496157,0.5545716768082957,49.12904702586943
Bulu,2020Q1,0.5628172525217819,0.4519156957031795,17.451105549217562
Rembang,2020Q2,0.44583786379177315,0.4681840366313724,50.751505873221056
Pancur,2020Q2,0.6007096492244798,0.5103165640911222,15.481337496922354
Lasem,2020Q2,0.47625590090731745,0.4343970920291069,16.459052860811457
Kragan,2020Q2,0.5103935675485286,0.4700689586329316,29.170556633757567
Sluke,2020Q2,0.5643380456089993,0.5004275464835902,9.12217467688561
Pamotan,2020Q2,0.567813819083675,0.5419563526992873,36.56497268033711
Sulang,2020Q2,0.5772462737388239,0.514645655274991,40.142089477030915
Sarang,2020Q2,0.4884930079569818,0.4483136896547205,49.28458162386916
Sedan,2020Q2,0.5308087078987864,0.46614304344984603,26.368444325462082
Kaliori,2020Q2,0.39718099545430047,0.4771795632786846,57.65315120181934
Gunem,2020Q2,0.5628986696779847,0.4962792050742114,24.57658219889265
Sale,2020Q2,0.6089905289380602,0.5084430095870038,15.059284300707068
Sumber,2020Q2,0.5496885032797951,0.47674368495885316,49.12904702586943
Bulu,2020Q2,0.6442986237039949,0.5059927475720896,17.451105549217562
Rembang,2020Q3,0.270095712098458,0.2595485599854778,50.751505873221056
Pancur,2020Q3,0.4818657004829382,0.3473253806420888,15.481337496922354
Lasem,2020Q3,0.42917282215163455,0.32761728175793897,16.459052860811457
Kragan,2020Q3,0.5024586654004914,0.4273999370183039,29.170556633757567
Sluke,2020Q3,0.5593360836498308,0.47174441415812224,9.12217467688561
Pamotan,2020Q3,0.39159715026295994,0.36119535134205105,36.56497268033711
Sulang,2020Q3,0.37683890841401335,0.3546090877459714,40.142089477030915
Sarang,2020Q3,0.4177251862134185,0.3723633405705734,49.28458162386916
Sedan,2020Q3,0.4603314130848447,0.41025602162124014,26.368444325462082
Kaliori,2020Q3,0.22770855715495095,0.24888113322014524,57.65315120181934
Gunem,2020Q3,0.41031232571304643,0.3768836711971462,24.57658219889265
Sale,2020Q3,0.4630006205841483,0.4383501070369044,15.059284300707068
Sumber,2020Q3,0.39183226678351196,0.37119074426003423,49.12904702586943
Bulu,2020Q3,0.4530006875927102,0.39782014228344287,17.451105549217562
Rembang,2020Q4,,,50.751505873221056
Pancur,2020Q4,,,15.481337496922354
Lasem,2020Q4,,,16.459052860811457
Kragan,2020Q4,,,29.170556633757567
Sluke,2020Q4,,,9.12217467688561
Pamotan,2020Q4,,,36.56497268033711
Sulang,2020Q4,,,40.142089477030915
Sarang,2020Q4,,,49.28458162386916
Sedan,2020Q4,,,26.368444325462082
Kaliori,2020Q4,,,57.65315120181934
Gunem,2020Q4,,,24.57658219889265
Sale,2020Q4,,,15.059284300707068
Sumber,2020Q4,,,49.12904702586943
Bulu,2020Q4,,,17.451105549217562
Rembang,2021Q1,0.43363643545485664,0.4781525111724848,50.751505873221056
Pancur,2021Q1,0.5960560788428771,0.5460678903626691,15.481337496922354
Lasem,2021Q1,0.5151081855036438,0.5351089901204643,16.459052860811457
Kragan,2021Q1,0.530845818231728,0.5762660012704125,29.170556633757567
Sluke,2021Q1,0.41726801979980743,0.45237212253398307,9.12217467688561
Pamotan,2021Q1,0.5721914589785582,0.5555038982273812,36.56497268033711
Sulang,2021Q1,0.6169073271785743,0.6081043368591168,40.142089477030915
Sarang,2021Q1,0.530499755729353,0.5039308793748245,49.28458162386916
Sedan,2021Q1,0.635920191808189,0.6027451980889187,26.368444325462082
Kaliori,2021Q1,0.3609844647196818,0.4483937625995026,57.65315120181934
Gunem,2021Q1,0.567274490281971,0.504369881040179,24.57658219889265
Sale,2021Q1,0.6524798641708557,0.5632345885461023,15.059284300707068
Sumber,2021Q1,0.5576250002896769,0.5091458971491396,49.12904702586943
Bulu,2021Q1,0.6895049365085743,0.6561638208520816,17.451105549217562
Rembang,2021Q2,0.3971769513668146,0.409722153088294,50.751505873221056
Pancur,2021Q2,0.645941582321705,0.5290231472284602,15.481337496922354
Lasem,2021Q2,0.5257635170872272,0.4455518394618096,16.459052860811457
Kragan,2021Q2,0.6038559557996613,0.5582976526233544,29.170556633757567
Sluke,2021Q2,0.5605415940623477,0.4981065994618035,9.12217467688561
Pamotan,2021Q2,0.5609978737890353,0.5263886853809626,36.56497268033711
Sulang,2021Q2,0.5815286544869667,0.5156086820010547,40.142089477030915
Sarang,2021Q2,0.5602526649493097,0.5071792212034978,49.28458162386916
Sedan,2021Q2,0.6194141881163691,0.5586717329024474,26.368444325462082
Kaliori,2021Q2,0.37743578652456305,0.4420799657749954,57.65315120181934
Gunem,2021Q2,0.5976043590287391,0.5134672183949492,24.57658219889265
Sale,2021Q2,0.6222654836705054,0.5201389382619421,15.059284300707068
Sumber,2021Q2,0.5465056745833093,0.472770915469296,49.12904702586943
Bulu,2021Q2,0.6420455677024904,0.4888971970914302,17.451105549217562
Rembang,2021Q3,0.3176377492519517,0.29864653476952996,50.751505873221056
Pancur,2021Q3,0.5609692045874279,0.43150081532815393,15.481337496922354
Lasem,2021Q3,0.49633668966224676,0.393336215572744,16.459052860811457
Kragan,2021Q3,0.5396596827525983,0.43052796041991725,29.170556633757567
Sluke,2021Q3,0.6032691365995063,0.45141759399055975,9.12217467688561
Pamotan,2021Q3,0.4814215672757946,0.4420725760153744,36.56497268033711
Sulang,2021Q3,0.4794722654324884,0.43852198925746616,40.142089477030915
Sarang,2021Q3,0.4240347595536642,0.35860858375490506,49.28458162386916
Sedan,2021Q3,0.5165563631870727,0.4294657883888161,26.368444325462082
Kaliori,2021Q3,0.30792465303650524,0.34439242937086645,57.65315120181934
Gunem,2021Q3,0.45460722995863373,0.38975851112869997,24.57658219889265
Sale,2021Q3,0.5187003457502911,0.46574345206799356,15.059284300707068
Sumber,2021Q3,0.5040395638025267,0.4531694396379983,49.12904702586943
Bulu,2021Q3,0.5530429338391825,0.46781430305559146,17.451105549217562
Rembang,2021Q4,0.2613897051006681,0.2325053815512691,50.751505873221056
Pancur,2021Q4,0.4760448562863705,0.35093608035020496,15.481337496922354
Lasem,2021Q4,0.36091414727186916,0.25143764395425855,16.459052860811457
Kragan,2021Q4,0.48970904719357916,0.39242124929550803,29.170556633757567
Sluke,2021Q4,0.5323882749197484,0.4554531152291777,9.12217467688561
Pamotan,2021Q4,0.375035257662639,0.31532276621856886,36.56497268033711
Sulang,2021Q4,0.3530969155746965,0.2876126114227412,40.142089477030915
Sarang,2021Q4,0.39171703682097403,0.32630979611520605,49.28458162386916
Sedan,2021Q4,0.4545718142781916,0.3537518692898352,26.368444325462082
Kaliori,2021Q4,0.2013452734651571,0.2101199938986313,57.65315120181934
Gunem,2021Q4,0.4154594280736241,0.3385545717451124,24.57658219889265
Sale,2021Q4,0.5189487710242587,0.4358496780490953,15.059284300707068
Sumber,2021Q4,0.38106388672866826,0.3326893260295957,49.12904702586943
Bulu,2021Q4,0.4585188059848573,0.39245236192667005,17.451105549217562
Rembang,2022Q1,0.4129836199758474,0.44858630403295086,50.751505873221056
Pancur,2022Q1,0.5864294453101975,0.5197689615255752,15.481337496922354
Lasem,2022Q1,0.44478833248078015,0.4042673005917183,16.459052860811457
Kragan,2022Q1,0.5907465063469289,0.559814262604234,29.170556633757567
Sluke,2022Q1,0.4991734075681981,0.4539093026605188,9.12217467688561
Pamotan,2022Q1,0.5733636057366821,0.5213828505256954,36.56497268033711
Sulang,2022Q1,0.5431523955865579,0.514580729867369,40.142089477030915
Sarang,2022Q1,0.5662497260872538,0.5162772282445491,49.28458162386916
Sedan,2022Q1,0.6404128785617188,0.5919990280624512,26.368444325462082
Kaliori,2022Q1,0.4130854585373765,0.5187561278811454,57.65315120181934
Gunem,2022Q1,0.48239391296470924,0.458037481920215,24.57658219889265
Sale,2022Q1,0.6288921555554309,0.517699589093323,15.059284300707068
Sumber,2022Q1,0.5576126315842348,0.5450441310349982,49.12904702586943
Bulu,2022Q1,0.5622076987688238,0.5276254528412838,17.451105549217562
Rembang,2022Q2,0.45296546813010535,0.49033519881212,50.751505873221056
Pancur,2022Q2,0.6522992237850124,0.6069751248445889,15.481337496922354
Lasem,2022Q2,0.5509663729694921,0.5761692483116895,16.459052860811457
Kragan,2022Q2,0.49295294955267815,0.47395010639558166,29.170556633757567
Sluke,2022Q2,0.5387059082887663,0.5467299792723331,9.12217467688561
Pamotan,2022Q2,0.590278661966415,0.5747559176241108,36.56497268033711
Sulang,2022Q2,0.5799164634683666,0.5255857068329541,40.142089477030915
Sarang,2022Q2,0.5505859877847529,0.5198146742651445,49.28458162386916
Sedan,2022Q2,0.5178624633042419,0.4564368024337364,26.368444325462082
Kaliori,2022Q2,0.33615207575958156,0.4069297339035522,57.65315120181934
Gunem,2022Q2,0.5544009076100167,0.4895381715363422,24.57658219889265
Sale,2022Q2,0.5530339971706368,0.48161360339642895,15.059284300707068
Sumber,2022Q2,0.5563170907036413,0.4987222528586762,49.12904702586943
Bulu,2022Q2,0.624562450916354,0.4978323600029125,17.451105549217562
Rembang,2022Q3,0.47065287723556437,0.49384151003139837,50.751505873221056
Pancur,2022Q3,0.6282171861511991,0.5274463039138064,15.481337496922354
Lasem,2022Q3,0.5708724015626356,0.5277220219352067,16.459052860811457
Kragan,2022Q3,0.6267114436449644,0.5442725230322121,29.170556633757567
Sluke,2022Q3,0.6752441801010693,0.5390054864803294,9.12217467688561
Pamotan,2022Q3,0.586027571280872,0.5400003959903763,36.56497268033711
Sulang,2022Q3,0.5667589846568793,0.5149765523475122,40.142089477030915
Sarang,2022Q3,0.5500064567539763,0.5111298628339895,49.28458162386916
Sedan,2022Q3,0.6175011896866562,0.5475560656954017,26.368444325462082
Kaliori,2022Q3,0.3876145763712581,0.44073812122502654,57.65315120181934
Gunem,2022Q3,0.5737438727089417,0.5076700802114631,24.57658219889265
Sale,2022Q3,0.6043240756528724,0.5332962116188141,15.059284300707068
Sumber,2022Q3,0.5401578326625551,0.4793919204595329,49.12904702586943
Bulu,2022Q3,0.5967832311864846,0.5029943497915382,17.451105549217562
Rembang,2022Q4,0.5276532607540642,0.550364010484834,50.751505873221056
Pancur,2022Q4,0.6748674899345039,0.5312031737229923,15.481337496922354
Lasem,2022Q4,0.6090183116557643,0.5542288947887487,16.459052860811457
Kragan,2022Q4,0.6504133801473815,0.5548908343084052,29.170556633757567
Sluke,2022Q4,0.6056911507795889,0.5200692372579798,9.12217467688561
Pamotan,2022Q4,0.6277839381784528,0.5650423061901995,36.56497268033711
Sulang,2022Q4,0.6364661645626043,0.5712223944059543,40.142089477030915
Sarang,2022Q4,0.5845376023152759,0.5131977012970553,49.28458162386916
Sedan,2022Q4,0.6789145178684867,0.5652209767330355,26.368444325462082
Kaliori,2022Q4,0.38902644531147546,0.47051383826390963,57.65315120181934
Gunem,2022Q4,0.646588194856179,0.5641186000765903,24.57658219889265
Sale,2022Q4,0.6290488333497682,0.507927988138884,15.059284300707068
Sumber,2022Q4,0.594392695949,0.5533873103678878,49.12904702586943
Bulu,2022Q4,0.6970988203898097,0.5348642998654696,17.451105549217562
Rembang,2023Q1,0.37058194197355404,0.37437341414631453,50.751505873221056
Pancur,2023Q1,0.18708626403122872,0.1456870735583501,15.481337496922354
Lasem,2023Q1,0.23231253029218246,0.290040247034318,16.459052860811457
Kragan,2023Q1,0.47944057027373754,0.6219690069585665,29.170556633757567
Sluke,2023Q1,0.38788814801473226,0.5205636048912059,9.12217467688561
Pamotan,2023Q1,0.2911687108592216,0.30236157814265147,36.56497268033711
Sulang,2023Q1,0.5007383527336563,0.45739800076242576,40.142089477030915
Sarang,2023Q1,0.4287606399603843,0.40049339732832245,49.28458162386916
Sedan,2023Q1,0.4305604577679868,0.4425054910043884,26.368444325462082
Kaliori,2023Q1,0.31180794426499026,0.36107122109306994,57.65315120181934
Gunem,2023Q1,0.19591477829279683,0.16512921474485018,24.57658219889265
Sale,2023Q1,0.34488922400842514,0.28652337842285164,15.059284300707068
Sumber,2023Q1,0.4971457124099496,0.4561327907309814,49.12904702586943
Bulu,2023Q1,0.2622439141653144,0.3299320436232613,17.451105549217562
Rembang,2023Q2,0.42630613848608845,0.4401269667192291,50.751505873221056
Pancur,2023Q2,0.621327622877916,0.5184334112834124,15.481337496922354
Lasem,2023Q2,0.5407803566470242,0.46888663316105866,16.459052860811457
Kragan,2023Q2,0.5902647267119058,0.5073492814508396,29.170556633757567
Sluke,2023Q2,0.6068181592089934,0.519696841165645,9.12217467688561
Pamotan,2023Q2,0.5490676842547187,0.5021337828777722,36.56497268033711
Sulang,2023Q2,0.5604614845502267,0.4791885354704295,40.142089477030915
Sarang,2023Q2,0.5413846106019933,0.48879788242751054,49.28458162386916
Sedan,2023Q2,0.5901300224910352,0.513602876225616,26.368444325462082
Kaliori,2023Q2,0.35654783418297986,0.40026307617299095,57.65315120181934
Gunem,2023Q2,0.5789170825190495,0.49111056256271945,24.57658219889265
Sale,2023Q2,0.6187070090693736,0.5451397199276884,15.059284300707068
Sumber,2023Q2,0.5049143623930035,0.4141939587409821,49.12904702586943
Bulu,2023Q2,0.6383232230271124,0.47922881729133504,17.451105549217562
Rembang,2023Q3,0.32254788963603054,0.3060084054597912,50.751505873221056
Pancur,2023Q3,0.5140340943229053,0.37426463399962356,15.481337496922354
Lasem,2023Q3,0.44246585587174303,0.3426116369339414,16.459052860811457
Kragan,2023Q3,0.4986172638069782,0.4046585672370946,29.170556633757567
Sluke,2023Q3,0.4947468266550283,0.4025857853642426,9.12217467688561
Pamotan,2023Q3,0.4089454044334774,0.3736855154029573,36.56497268033711
Sulang,2023Q3,0.4284707645062297,0.38999683502107835,40.142089477030915
Sarang,2023Q3,0.40773772363723126,0.364673854722367,49.28458162386916
Sedan,2023Q3,0.4681919469303268,0.394749749853478,26.368444325462082
Kaliori,2023Q3,0.302267939652767,0.3287034921155729,57.65315120181934
Gunem,2023Q3,0.4243372195635263,0.3749558420686943,24.57658219889265
Sale,2023Q3,0.48408732421124556,0.4397790893306734,15.059284300707068
Sumber,2023Q3,0.4348280776700525,0.4091390570777541,49.12904702586943
Bulu,2023Q3,0.4928980424460157,0.42814473931279706,17.451105549217562
Rembang,2023Q4,0.25492986895112346,0.22572615666636725,50.751505873221056
Pancur,2023Q4,0.44158047706460546,0.28475035910559643,15.481337496922354
Lasem,2023Q4,0.38452754130362754,0.2899507100632164,16.459052860811457
Kragan,2023Q4,0.42266870284073493,0.2951935881170349,29.170556633757567
Sluke,2023Q4,0.5269708591546657,0.40448023427442154,9.12217467688561
Pamotan,2023Q4,0.3160063693561096,0.27926931409296846,36.56497268033711
Sulang,2023Q4,0.3056300232278813,0.25774263135502495,40.142089477030915
Sarang,2023Q4,0.3246173302905752,0.2837029061434122,49.28458162386916
Sedan,2023Q4,0.3831291655845242,0.3020172839635717,26.368444325462082
Kaliori,2023Q4,0.20571889224244347,0.20533217867704323,57.65315120181934
Gunem,2023Q4,0.3073279287670703,0.2420707596747042,24.57658219889265
Sale,2023Q4,0.4023210275174689,0.36551808975852035,15.059284300707068
Sumber,2023Q4,0.2888499393872119,0.23995719053305647,49.12904702586943
Bulu,2023Q4,0.35869031880627916,0.3125816723346927,17.451105549217562
Rembang,2024Q1,0.5695884268068864,0.6497251536516552,50.751505873221056
Pancur,2024Q1,0.6553849065236829,0.6318602404512204,15.481337496922354
Lasem,2024Q1,0.5650088085175125,0.5569763523542594,16.459052860811457
Kragan,2024Q1,0.4969939486510042,0.4446381787063216,29.170556633757567
Sluke,2024Q1,0.6596287560640317,0.5909227151945827,9.12217467688561
Pamotan,2024Q1,0.5905551303374886,0.617432946883803,36.56497268033711
Sulang,2024Q1,0.6837158106656079,0.6730883240001037,40.142089477030915
Sarang,2024Q1,0.41546123879818847,0.34059707010448603,49.28458162386916
Sedan,2024Q1,0.5300873504816955,0.4120631503418574,26.368444325462082
Kaliori,2024Q1,0.4568748715844785,0.5703039602276818,57.65315120181934
Gunem,2024Q1,0.565715457317692,0.5151996289589449,24.57658219889265
Sale,2024Q1,0.6084677724734137,0.4845997623244681,15.059284300707068
Sumber,2024Q1,0.6225748754928097,0.572172404393868,49.12904702586943
Bulu,2024Q1,0.6994050000756123,0.6621531270461275,17.451105549217562
Rembang,2024Q2,0.4327046158072951,0.43244723480323666,50.751505873221056
Pancur,2024Q2,0.6615505867469319,0.5111644053816302,15.481337496922354
Lasem,2024Q2,0.5483584293891728,0.4851989290745016,16.459052860811457
Kragan,2024Q2,0.6218513633190377,0.5693530816606498,29.170556633757567
Sluke,2024Q2,0.6324870009490111,0.508703720748596,9.12217467688561
Pamotan,2024Q2,0.6083368349141607,0.5535776728934,36.56497268033711
Sulang,2024Q2,0.5674966573313138,0.4826370375445024,40.142089477030915
Sarang,2024Q2,0.5644822462406215,0.4961596899652125,49.28458162386916
Sedan,2024Q2,0.6463040418667937,0.5618820024631445,26.368444325462082
Kaliori,2024Q2,0.40889622495786715,0.47880236740776333,57.65315120181934
Gunem,2024Q2,0.6388179352019251,0.5544537140949172,24.57658219889265
Sale,2024Q2,0.6993746128132009,0.572245812866783,15.059284300707068
Sumber,2024Q2,0.5324849520405438,0.45803257286101906,49.12904702586943
Bulu,2024Q2,0.6354489715235278,0.44917517714578326,17.451105549217562
Rembang,2024Q3,0.2887763534292433,0.28000862908937146,50.751505873221056
Pancur,2024Q3,0.4810654994945485,0.3848527023841791,15.481337496922354
Lasem,2024Q3,0.40918276155154026,0.3409153223616839,16.459052860811457
Kragan,2024Q3,0.43110619667780453,0.3229097342038216,29.170556633757567
Sluke,2024Q3,0.4763564502586496,0.3930987637936922,9.12217467688561
Pamotan,2024Q3,0.39683239215121524,0.36546329212166057,36.56497268033711
Sulang,2024Q3,0.376923616314774,0.3392614103868753,40.142089477030915
Sarang,2024Q3,0.3345830459417021,0.2905784108990079,49.28458162386916
Sedan,2024Q3,0.4296698268016521,0.3606035184780276,26.368444325462082
Kaliori,2024Q3,0.226841270576617,0.2465040641621983,57.65315120181934
Gunem,2024Q3,0.40589112075252826,0.35839825709443135,24.57658219889265
Sale,2024Q3,0.44923737601154756,0.4284600191840739,15.059284300707068
Sumber,2024Q3,0.36348824356828496,0.32841733660171113,49.12904702586943
Bulu,2024Q3,0.4241969698895958,0.3647037736985331,17.451105549217562
Rembang,2024Q4,0.20917971044407843,0.1835539580747372,50.751505873221056
Pancur,2024Q4,0.4095068114344582,0.27605290454597964,15.481337496922354
Lasem,2024Q4,0.28148160915058407,0.2129920624935729,16.459052860811457
Kragan,2024Q4,0.2761150741081229,0.19137549562170297,29.170556633757567
Sluke,2024Q4,0.2561327838123646,0.28143006365431933,9.12217467688561
Pamotan,2024Q4,0.29427014954371117,0.25689969287905384,36.56497268033711
Sulang,2024Q4,0.34273134854743115,0.2702233464749853,40.142089477030915
Sarang,2024Q4,0.22031930569016694,0.19240678482585558,49.28458162386916
Sedan,2024Q4,0.31190224705605585,0.23795537509611772,26.368444325462082
Kaliori,2024Q4,0.1664825165722654,0.17402919746108977,57.65315120181934
Gunem,2024Q4,0.41168427232454374,0.3240703513697707,24.57658219889265
Sale,2024Q4,0.39136326619557377,0.388415249835541,15.059284300707068
Sumber,2024Q4,0.3540425986029392,0.29985265490384305,49.12904702586943
Bulu,2024Q4,0.4809465453564572,0.38255536711799987,17.451105549217562
Rembang,2025Q1,0.49977498338621196,0.5719305487464469,50.751505873221056
Pancur,2025Q1,0.4074016859036782,0.5703873133842177,15.481337496922354
Lasem,2025Q1,0.5914308842118217,0.7560964345144273,16.459052860811457
Kragan,2025Q1,0.35906087625858885,0.586136195582401,29.170556633757567
Sluke,2025Q1,0.6825897750143457,0.689914642727931,9.12217467688561
Pamotan,2025Q1,0.5620390860076345,0.6168698321570998,36.56497268033711
Sulang,2025Q1,0.3564974221601264,0.3793695947270962,40.142089477030915
Sarang,2025Q1,0.6353328354312111,0.6390701955904541,49.28458162386916
Sedan,2025Q1,0.28701196956204017,0.2622700688434423,26.368444325462082
Kaliori,2025Q1,0.3617885601413075,0.45551674500408545,57.65315120181934
Gunem,2025Q1,0.5406061804402474,0.5638833210651777,24.57658219889265
Sale,2025Q1,0.48846775295041844,0.4504149166371293,15.059284300707068
Sumber,2025Q1,0.4912458034788654,0.5020388711500222,49.12904702586943
Bulu,2025Q1,0.4773435981089984,0.43138773376807105,17.451105549217562
Rembang,2025Q2,0.4840707545726293,0.5220002689822943,50.751505873221056
Pancur,2025Q2,0.6698493197469865,0.5904365881812712,15.481337496922354
Lasem,2025Q2,0.530113317092269,0.4851930187894041,16.459052860811457
Kragan,2025Q2,0.6108248212698388,0.5926702474766242,29.170556633757567
Sluke,2025Q2,0.6370566200231386,0.5446433692896282,9.12217467688561
Pamotan,2025Q2,0.619134797717427,0.5766729121939246,36.56497268033711
Sulang,2025Q2,0.5327213385899473,0.4766735847168717,40.142089477030915
Sarang,2025Q2,0.5617732672644057,0.5358560291273765,49.28458162386916
Sedan,2025Q2,0.5845134850346134,0.5119187169306404,26.368444325462082
Kaliori,2025Q2,0.4300703645092441,0.5117528392385948,57.65315120181934
Gunem,2025Q2,0.554774835644017,0.48852256573564856,24.57658219889265
Sale,2025Q2,0.6529322453371944,0.5596832469809923,15.059284300707068
Sumber,2025Q2,0.5334532771867586,0.4815100501449352,49.12904702586943
Bulu,2025Q2,0.6154306545837542,0.4647034556003056,17.451105549217562
Rembang,2025Q3,0.40239333050100734,0.4221480163490114,50.751505873221056
Pancur,2025Q3,0.5612384036593789,0.4767763161252044,15.481337496922354
Lasem,2025Q3,0.5144224573803012,0.4843229714298833,16.459052860811457
Kragan,2025Q3,0.5984528973441862,0.5431297935708651,29.170556633757567
Sluke,2025Q3,0.6080739218922767,0.52124046807493,9.12217467688561
Pamotan,2025Q3,0.5140520318730774,0.49370327860264057,36.56497268033711
Sulang,2025Q3,0.539367025659132,0.5060853992877138,40.142089477030915
Sarang,2025Q3,0.544819733638926,0.505475309919166,49.28458162386916
Sedan,2025Q3,0.5663089698215765,0.5279556351725395,26.368444325462082
Kaliori,2025Q3,0.3590501402106405,0.4140745656474063,57.65315120181934
Gunem,2025Q3,0.5399297423634749,0.5008622183775032,24.57658219889265
Sale,2025Q3,0.562849860346104,0.512162453357621,15.059284300707068
Sumber,2025Q3,0.5075834603540236,0.473818600496356,49.12904702586943
Bulu,2025Q3,0.5873483565278672,0.5244560235021558,17.451105549217562
Rembang,2025Q4,0.29140750646259417,0.2806649833369606,50.751505873221056
Pancur,2025Q4,0.5142219643518823,0.3844670712184689,15.481337496922354
Lasem,2025Q4,0.5083639844207326,0.43401545623311394,16.459052860811457
Kragan,2025Q4,0.5968339370030933,0.5290443651344328,29.170556633757567
Sluke,2025Q4,0.6178980531099,0.594682860520601,9.12217467688561
Pamotan,2025Q4,0.392808376768497,0.3868220003297289,36.56497268033711
Sulang,2025Q4,0.4020945901825954,0.37061921411697824,40.142089477030915
Sarang,2025Q4,0.4668540175337038,0.46613982431904544,49.28458162386916
Sedan,2025Q4,0.4728194534700181,0.45058729185189494,26.368444325462082
Kaliori,2025Q4,0.24540145649035938,0.2510054490930232,57.65315120181934
Gunem,2025Q4,0.45521043619980256,0.3996192229784641,24.57658219889265
Sale,2025Q4,0.4164517719143274,0.4170977183869238,15.059284300707068
Sumber,2025Q4,0.34301919555352434,0.3151568398370882,49.12904702586943
Bulu,2025Q4,0.46783209843834606,0.4259618257735884,17.451105549217562
Rembang,2026Q1,0.39809127797923494,0.40742065116176324,50.751505873221056
Pancur,2026Q1,0.530032152534039,0.3756892691293797,15.481337496922354
Lasem,2026Q1,0.5175550437924186,0.3727146162431737,16.459052860811457
Kragan,2026Q1,0.43833744750976666,0.3480889827857848,29.170556633757567
Sluke,2026Q1,0.6465215873658499,0.519367817192488,9.12217467688561
Pamotan,2026Q1,0.49094176325917493,0.4644378654257122,36.56497268033711
Sulang,2026Q1,0.4473157326674187,0.3993443364900937,40.142089477030915
Sarang,2026Q1,0.4668930594150195,0.3987290734424594,49.28458162386916
Sedan,2026Q1,0.49190534341211156,0.411015877327266,26.368444325462082
Kaliori,2026Q1,0.30575322875809713,0.3575064382746217,57.65315120181934
Gunem,2026Q1,0.5201552502266611,0.45118548408970327,24.57658219889265
Sale,2026Q1,0.567371042821123,0.4701436406808508,15.059284300707068
Sumber,2026Q1,0.43106775869296404,0.3773659708917529,49.12904702586943
Bulu,2026Q1,0.5304391563093176,0.42464071292551503,17.451105549217562
Rembang,2026Q2,0.5111182580992094,0.5494843499282271,50.751505873221056
Pancur,2026Q2,0.7009637204479876,0.646285762708431,15.481337496922354
Lasem,2026Q2,0.6194841967487438,0.6159162645932029,16.459052860811457
Kragan,2026Q2,0.583427310734804,0.545847468610594,29.170556633757567
Sluke,2026Q2,0.6382296723207043,0.5457933523488746,9.12217467688561
Pamotan,2026Q2,0.6458554850643605,0.6067303717434118,36.56497268033711
Sulang,2026Q2,0.5600959710338996,0.5015914410049337,40.142089477030915
Sarang,2026Q2,0.5694908702413889,0.5267713732389869,49.28458162386916
Sedan,2026Q2,0.6266043135726215,0.5496370302985386,26.368444325462082
Kaliori,2026Q2,0.42731454999815044,0.5035291447803564,57.65315120181934
Gunem,2026Q2,0.6269052064503723,0.5520407973810436,24.57658219889265
Sale,2026Q2,0.6472085392143605,0.5572019065276016,15.059284300707068
Sumber,2026Q2,0.5145780740297984,0.4610120119870273,49.12904702586943
Bulu,2026Q2,0.6422933875129052,0.49775543875468353,17.451105549217562
