kecamatan,tahun,triwulan,periode,ndvi_mean,ndvi_source,ntl_median,ntl_source,ntl_relative,ntl_valid,ndvi_recommended,ntl_recommended
Rembang,2010,1,2010Q1,0.5625694616041715,Landsat-7,10.999999999999998,DMSP-OLS,1.5098039215686272,True,False,False
Pancur,2010,1,2010Q1,0.6266907107985857,Landsat-7,7.0,DMSP-OLS,0.9607843137254902,True,False,False
Lasem,2010,1,2010Q1,0.4901516698505079,Landsat-7,9.0,DMSP-OLS,1.2352941176470589,True,False,False
Kragan,2010,1,2010Q1,0.5909079429312517,Landsat-7,7.0,DMSP-OLS,0.9607843137254902,True,False,False
Sluke,2010,1,2010Q1,0.7036641845796426,Landsat-7,8.0,DMSP-OLS,1.0980392156862746,True,False,False
Pamotan,2010,1,2010Q1,0.597267513235753,Landsat-7,7.0,DMSP-OLS,0.9607843137254902,True,False,False
Sulang,2010,1,2010Q1,0.5026644678691595,Landsat-7,7.0,DMSP-OLS,0.9607843137254902,True,False,False
Sarang,2010,1,2010Q1,0.4070894993593267,Landsat-7,7.0,DMSP-OLS,0.9607843137254902,True,False,False
Sedan,2010,1,2010Q1,0.448290432657097,Landsat-7,6.0,DMSP-OLS,0.8235294117647058,True,False,False
Kaliori,2010,1,2010Q1,0.440646975130135,Landsat-7,8.0,DMSP-OLS,1.0980392156862746,True,False,False
Gunem,2010,1,2010Q1,0.6607659242723428,Landsat-7,6.0,DMSP-OLS,0.8235294117647058,True,False,False
Sale,2010,1,2010Q1,0.6229355731715791,Landsat-7,6.0,DMSP-OLS,0.8235294117647058,True,False,False
Sumber,2010,1,2010Q1,0.4843219184140985,Landsat-7,7.0,DMSP-OLS,0.9607843137254902,True,False,False
Bulu,2010,1,2010Q1,0.4448652244840647,Landsat-7,6.0,DMSP-OLS,0.8235294117647058,True,False,False
Rembang,2010,2,2010Q2,,no_data,10.999999999999998,DMSP-OLS,1.5098039215686272,True,False,False
Pancur,2010,2,2010Q2,,no_data,7.0,DMSP-OLS,0.9607843137254902,True,False,False
Lasem,2010,2,2010Q2,,no_data,9.0,DMSP-OLS,1.2352941176470589,True,False,False
Kragan,2010,2,2010Q2,,no_data,7.0,DMSP-OLS,0.9607843137254902,True,False,False
Sluke,2010,2,2010Q2,,no_data,8.0,DMSP-OLS,1.0980392156862746,True,False,False
Pamotan,2010,2,2010Q2,,no_data,7.0,DMSP-OLS,0.9607843137254902,True,False,False
Sulang,2010,2,2010Q2,,no_data,7.0,DMSP-OLS,0.9607843137254902,True,False,False
Sarang,2010,2,2010Q2,,no_data,7.0,DMSP-OLS,0.9607843137254902,True,False,False
Sedan,2010,2,2010Q2,,no_data,6.0,DMSP-OLS,0.8235294117647058,True,False,False
Kaliori,2010,2,2010Q2,,no_data,8.0,DMSP-OLS,1.0980392156862746,True,False,False
Gunem,2010,2,2010Q2,,no_data,6.0,DMSP-OLS,0.8235294117647058,True,False,False
Sale,2010,2,2010Q2,,no_data,6.0,DMSP-OLS,0.8235294117647058,True,False,False
Sumber,2010,2,2010Q2,,no_data,7.0,DMSP-OLS,0.9607843137254902,True,False,False
Bulu,2010,2,2010Q2,,no_data,6.0,DMSP-OLS,0.8235294117647058,True,False,False
Rembang,2010,3,2010Q3,0.5462431211395864,Landsat-7,10.999999999999998,DMSP-OLS,1.5098039215686272,True,False,False
Pancur,2010,3,2010Q3,0.7379681028248213,Landsat-7,7.0,DMSP-OLS,0.9607843137254902,True,False,False
Lasem,2010,3,2010Q3,0.6496307399486918,Landsat-7,9.0,DMSP-OLS,1.2352941176470589,True,False,False
Kragan,2010,3,2010Q3,0.7059981334634663,Landsat-7,7.0,DMSP-OLS,0.9607843137254902,True,False,False
Sluke,2010,3,2010Q3,0.7371282286092652,Landsat-7,8.0,DMSP-OLS,1.0980392156862746,True,False,False
Pamotan,2010,3,2010Q3,0.6567043993789095,Landsat-7,7.0,DMSP-OLS,0.9607843137254902,True,False,False
Sulang,2010,3,2010Q3,0.6415664617447802,Landsat-7,7.0,DMSP-OLS,0.9607843137254902,True,False,False
Sarang,2010,3,2010Q3,0.6658158261656019,Landsat-7,7.0,DMSP-OLS,0.9607843137254902,True,False,False
Sedan,2010,3,2010Q3,0.7372551534971405,Landsat-7,6.0,DMSP-OLS,0.8235294117647058,True,False,False
Kaliori,2010,3,2010Q3,0.4665868207576358,Landsat-7,8.0,DMSP-OLS,1.0980392156862746,True,False,False
Gunem,2010,3,2010Q3,0.7179560932956472,Landsat-7,6.0,DMSP-OLS,0.8235294117647058,True,False,False
Sale,2010,3,2010Q3,0.7105570240263298,Landsat-7,6.0,DMSP-OLS,0.8235294117647058,True,False,False
Sumber,2010,3,2010Q3,0.6162125040225161,Landsat-7,7.0,DMSP-OLS,0.9607843137254902,True,False,False
Bulu,2010,3,2010Q3,0.716407426083646,Landsat-7,6.0,DMSP-OLS,0.8235294117647058,True,False,False
Rembang,2010,4,2010Q4,,no_data,10.999999999999998,DMSP-OLS,1.5098039215686272,True,False,False
Pancur,2010,4,2010Q4,,no_data,7.0,DMSP-OLS,0.9607843137254902,True,False,False
Lasem,2010,4,2010Q4,,no_data,9.0,DMSP-OLS,1.2352941176470589,True,False,False
Kragan,2010,4,2010Q4,,no_data,7.0,DMSP-OLS,0.9607843137254902,True,False,False
Sluke,2010,4,2010Q4,,no_data,8.0,DMSP-OLS,1.0980392156862746,True,False,False
Pamotan,2010,4,2010Q4,,no_data,7.0,DMSP-OLS,0.9607843137254902,True,False,False
Sulang,2010,4,2010Q4,,no_data,7.0,DMSP-OLS,0.9607843137254902,True,False,False
Sarang,2010,4,2010Q4,,no_data,7.0,DMSP-OLS,0.9607843137254902,True,False,False
Sedan,2010,4,2010Q4,,no_data,6.0,DMSP-OLS,0.8235294117647058,True,False,False
Kaliori,2010,4,2010Q4,,no_data,8.0,DMSP-OLS,1.0980392156862746,True,False,False
Gunem,2010,4,2010Q4,,no_data,6.0,DMSP-OLS,0.8235294117647058,True,False,False
Sale,2010,4,2010Q4,,no_data,6.0,DMSP-OLS,0.8235294117647058,True,False,False
Sumber,2010,4,2010Q4,,no_data,7.0,DMSP-OLS,0.9607843137254902,True,False,False
Bulu,2010,4,2010Q4,,no_data,6.0,DMSP-OLS,0.8235294117647058,True,False,False
Rembang,2011,1,2011Q1,,no_data,9.999999999999998,DMSP-OLS,1.538461538461538,True,False,False
Pancur,2011,1,2011Q1,,no_data,7.0,DMSP-OLS,1.0769230769230769,True,False,False
Lasem,2011,1,2011Q1,,no_data,8.0,DMSP-OLS,1.2307692307692308,True,False,False
Kragan,2011,1,2011Q1,,no_data,5.0,DMSP-OLS,0.7692307692307693,True,False,False
Sluke,2011,1,2011Q1,,no_data,6.0,DMSP-OLS,0.9230769230769232,True,False,False
Pamotan,2011,1,2011Q1,,no_data,7.0,DMSP-OLS,1.0769230769230769,True,False,False
Sulang,2011,1,2011Q1,,no_data,7.0,DMSP-OLS,1.0769230769230769,True,False,False
Sarang,2011,1,2011Q1,,no_data,6.0,DMSP-OLS,0.9230769230769232,True,False,False
Sedan,2011,1,2011Q1,,no_data,5.0,DMSP-OLS,0.7692307692307693,True,False,False
Kaliori,2011,1,2011Q1,,no_data,8.0,DMSP-OLS,1.2307692307692308,True,False,False
Gunem,2011,1,2011Q1,,no_data,5.0,DMSP-OLS,0.7692307692307693,True,False,False
Sale,2011,1,2011Q1,,no_data,5.0,DMSP-OLS,0.7692307692307693,True,False,False
Sumber,2011,1,2011Q1,,no_data,7.0,DMSP-OLS,1.0769230769230769,True,False,False
Bulu,2011,1,2011Q1,,no_data,5.0,DMSP-OLS,0.7692307692307693,True,False,False
Rembang,2011,2,2011Q2,0.4551310756280368,Landsat-7,9.999999999999998,DMSP-OLS,1.538461538461538,True,False,False
Pancur,2011,2,2011Q2,0.6881233443430578,Landsat-7,7.0,DMSP-OLS,1.0769230769230769,True,False,False
Lasem,2011,2,2011Q2,0.6114604446055871,Landsat-7,8.0,DMSP-OLS,1.2307692307692308,True,False,False
Kragan,2011,2,2011Q2,0.5586969659207132,Landsat-7,5.0,DMSP-OLS,0.7692307692307693,True,False,False
Sluke,2011,2,2011Q2,0.6677902306837302,Landsat-7,6.0,DMSP-OLS,0.9230769230769232,True,False,False
Pamotan,2011,2,2011Q2,0.6178838521342278,Landsat-7,7.0,DMSP-OLS,1.0769230769230769,True,False,False
Sulang,2011,2,2011Q2,0.5547666257828697,Landsat-7,7.0,DMSP-OLS,1.0769230769230769,True,False,False
Sarang,2011,2,2011Q2,0.5738357182286931,Landsat-7,6.0,DMSP-OLS,0.9230769230769232,True,False,False
Sedan,2011,2,2011Q2,0.6319143247296877,Landsat-7,5.0,DMSP-OLS,0.7692307692307693,True,False,False
Kaliori,2011,2,2011Q2,0.394473098777371,Landsat-7,8.0,DMSP-OLS,1.2307692307692308,True,False,False
Gunem,2011,2,2011Q2,0.6431626697442634,Landsat-7,5.0,DMSP-OLS,0.7692307692307693,True,False,False
Sale,2011,2,2011Q2,0.651997868421956,Landsat-7,5.0,DMSP-OLS,0.7692307692307693,True,False,False
Sumber,2011,2,2011Q2,0.5446061456648784,Landsat-7,7.0,DMSP-OLS,1.0769230769230769,True,False,False
Bulu,2011,2,2011Q2,0.673748894357128,Landsat-7,5.0,DMSP-OLS,0.7692307692307693,True,False,False
Rembang,2011,3,2011Q3,0.3235888621347756,Landsat-7,9.999999999999998,DMSP-OLS,1.538461538461538,True,False,False
Pancur,2011,3,2011Q3,0.5896933796256636,Landsat-7,7.0,DMSP-OLS,1.0769230769230769,True,False,False
Lasem,2011,3,2011Q3,0.5071335633429291,Landsat-7,8.0,DMSP-OLS,1.2307692307692308,True,False,False
Kragan,2011,3,2011Q3,0.4538154052262575,Landsat-7,5.0,DMSP-OLS,0.7692307692307693,True,False,False
Sluke,2011,3,2011Q3,0.515921835989946,Landsat-7,6.0,DMSP-OLS,0.9230769230769232,True,False,False
Pamotan,2011,3,2011Q3,0.4680654040423007,Landsat-7,7.0,DMSP-OLS,1.0769230769230769,True,False,False
Sulang,2011,3,2011Q3,0.4127522295689336,Landsat-7,7.0,DMSP-OLS,1.0769230769230769,True,False,False
Sarang,2011,3,2011Q3,0.4289771280323485,Landsat-7,6.0,DMSP-OLS,0.9230769230769232,True,False,False
Sedan,2011,3,2011Q3,0.538555974929832,Landsat-7,5.0,DMSP-OLS,0.7692307692307693,True,False,False
Kaliori,2011,3,2011Q3,0.2366314285815669,Landsat-7,8.0,DMSP-OLS,1.2307692307692308,True,False,False
Gunem,2011,3,2011Q3,0.4882903663902892,Landsat-7,5.0,DMSP-OLS,0.7692307692307693,True,False,False
Sale,2011,3,2011Q3,0.4223506654151069,Landsat-7,5.0,DMSP-OLS,0.7692307692307693,True,False,False
Sumber,2011,3,2011Q3,0.378409093276056,Landsat-7,7.0,DMSP-OLS,1.0769230769230769,True,False,False
Bulu,2011,3,2011Q3,0.449913804391327,Landsat-7,5.0,DMSP-OLS,0.7692307692307693,True,False,False
Rembang,2011,4,2011Q4,0.3684406448863118,Landsat-7,9.999999999999998,DMSP-OLS,1.538461538461538,True,False,False
Pancur,2011,4,2011Q4,0.6105307938685464,Landsat-7,7.0,DMSP-OLS,1.0769230769230769,True,False,False
Lasem,2011,4,2011Q4,0.5231889775370852,Landsat-7,8.0,DMSP-OLS,1.2307692307692308,True,False,False
Kragan,2011,4,2011Q4,0.4933536109780882,Landsat-7,5.0,DMSP-OLS,0.7692307692307693,True,False,False
Sluke,2011,4,2011Q4,0.5742583599936315,Landsat-7,6.0,DMSP-OLS,0.9230769230769232,True,False,False
Pamotan,2011,4,2011Q4,0.5309088638306404,Landsat-7,7.0,DMSP-OLS,1.0769230769230769,True,False,False
Sulang,2011,4,2011Q4,0.5130363858879446,Landsat-7,7.0,DMSP-OLS,1.0769230769230769,True,False,False
Sarang,2011,4,2011Q4,0.4321019266490288,Landsat-7,6.0,DMSP-OLS,0.9230769230769232,True,False,False
Sedan,2011,4,2011Q4,0.4960584156946407,Landsat-7,5.0,DMSP-OLS,0.7692307692307693,True,False,False
Kaliori,2011,4,2011Q4,0.3193668054889675,Landsat-7,8.0,DMSP-OLS,1.2307692307692308,True,False,False
Gunem,2011,4,2011Q4,0.5646579054950026,Landsat-7,5.0,DMSP-OLS,0.7692307692307693,True,False,False
Sale,2011,4,2011Q4,0.5000888706034314,Landsat-7,5.0,DMSP-OLS,0.7692307692307693,True,False,False
Sumber,2011,4,2011Q4,0.4966111946615952,Landsat-7,7.0,DMSP-OLS,1.0769230769230769,True,False,False
Bulu,2011,4,2011Q4,0.5881274934567728,Landsat-7,5.0,DMSP-OLS,0.7692307692307693,True,False,False
Rembang,2012,1,2012Q1,,no_data,12.999999999999998,DMSP-OLS,1.9782608695652173,True,False,False
Pancur,2012,1,2012Q1,,no_data,8.0,DMSP-OLS,1.2173913043478262,True,False,False
Lasem,2012,1,2012Q1,,no_data,11.0,DMSP-OLS,1.673913043478261,True,False,False
Kragan,2012,1,2012Q1,,no_data,7.0,DMSP-OLS,1.065217391304348,True,False,False
Sluke,2012,1,2012Q1,,no_data,8.0,DMSP-OLS,1.2173913043478262,True,False,False
Pamotan,2012,1,2012Q1,,no_data,10.000000000000002,DMSP-OLS,1.521739130434783,True,False,False
Sulang,2012,1,2012Q1,,no_data,8.0,DMSP-OLS,1.2173913043478262,True,False,False
Sarang,2012,1,2012Q1,,no_data,0.0,DMSP-OLS,0.0,True,False,False
Sedan,2012,1,2012Q1,,no_data,7.0,DMSP-OLS,1.065217391304348,True,False,False
Kaliori,2012,1,2012Q1,,no_data,11.000000000000002,DMSP-OLS,1.6739130434782612,True,False,False
Gunem,2012,1,2012Q1,,no_data,0.0,DMSP-OLS,0.0,True,False,False
Sale,2012,1,2012Q1,,no_data,0.0,DMSP-OLS,0.0,True,False,False
Sumber,2012,1,2012Q1,,no_data,9.0,DMSP-OLS,1.3695652173913044,True,False,False
Bulu,2012,1,2012Q1,,no_data,0.0,DMSP-OLS,0.0,True,False,False
Rembang,2012,2,2012Q2,0.4280083111539661,Landsat-7,,no_data,,False,False,False
Pancur,2012,2,2012Q2,0.6258016400558442,Landsat-7,,no_data,,False,False,False
Lasem,2012,2,2012Q2,0.512510847099775,Landsat-7,,no_data,,False,False,False
Kragan,2012,2,2012Q2,0.4731800808542097,Landsat-7,,no_data,,False,False,False
Sluke,2012,2,2012Q2,0.5787194300911452,Landsat-7,,no_data,,False,False,False
Pamotan,2012,2,2012Q2,0.5768289219328548,Landsat-7,,no_data,,False,False,False
Sulang,2012,2,2012Q2,0.5766719561372419,Landsat-7,,no_data,,False,False,False
Sarang,2012,2,2012Q2,0.5082237351257392,Landsat-7,,no_data,,False,False,False
Sedan,2012,2,2012Q2,0.5210552527431436,Landsat-7,,no_data,,False,False,False
Kaliori,2012,2,2012Q2,0.4083427674766037,Landsat-7,,no_data,,False,False,False
Gunem,2012,2,2012Q2,0.6128176273748266,Landsat-7,,no_data,,False,False,False
Sale,2012,2,2012Q2,0.5343217209673027,Landsat-7,,no_data,,False,False,False
Sumber,2012,2,2012Q2,0.5650346779589625,Landsat-7,,no_data,,False,False,False
Bulu,2012,2,2012Q2,0.5887149788215476,Landsat-7,,no_data,,False,False,False
Rembang,2012,3,2012Q3,0.2886293533776507,Landsat-7,,no_data,,False,False,False
Pancur,2012,3,2012Q3,0.4967944305214047,Landsat-7,,no_data,,False,False,False
Lasem,2012,3,2012Q3,0.4468537534266067,Landsat-7,,no_data,,False,False,False
Kragan,2012,3,2012Q3,0.441399738401537,Landsat-7,,no_data,,False,False,False
Sluke,2012,3,2012Q3,0.4811301230524247,Landsat-7,,no_data,,False,False,False
Pamotan,2012,3,2012Q3,0.4253015968464243,Landsat-7,,no_data,,False,False,False
Sulang,2012,3,2012Q3,0.429233998345316,Landsat-7,,no_data,,False,False,False
Sarang,2012,3,2012Q3,0.3467994522108565,Landsat-7,,no_data,,False,False,False
Sedan,2012,3,2012Q3,0.4640700607700123,Landsat-7,,no_data,,False,False,False
Kaliori,2012,3,2012Q3,0.2448433150696234,Landsat-7,,no_data,,False,False,False
Gunem,2012,3,2012Q3,0.4453530865620197,Landsat-7,,no_data,,False,False,False
Sale,2012,3,2012Q3,0.4532031133603849,Landsat-7,,no_data,,False,False,False
Sumber,2012,3,2012Q3,0.3949234264411863,Landsat-7,,no_data,,False,False,False
Bulu,2012,3,2012Q3,0.4748928431694059,Landsat-7,,no_data,,False,False,False
Rembang,2012,4,2012Q4,0.0787962483358436,Landsat-7,,no_data,,False,False,False
Pancur,2012,4,2012Q4,0.2343972378717795,Landsat-7,,no_data,,False,False,False
Lasem,2012,4,2012Q4,0.0748544794643378,Landsat-7,,no_data,,False,False,False
Kragan,2012,4,2012Q4,0.3054766850078069,Landsat-7,,no_data,,False,False,False
Sluke,2012,4,2012Q4,0.1764488193655215,Landsat-7,,no_data,,False,False,False
Pamotan,2012,4,2012Q4,0.1670688246644883,Landsat-7,,no_data,,False,False,False
Sulang,2012,4,2012Q4,0.1996197116971053,Landsat-7,,no_data,,False,False,False
Sarang,2012,4,2012Q4,0.2606372917322895,Landsat-7,,no_data,,False,False,False
Sedan,2012,4,2012Q4,0.2442024791119862,Landsat-7,,no_data,,False,False,False
Kaliori,2012,4,2012Q4,0.0736989369989751,Landsat-7,,no_data,,False,False,False
Gunem,2012,4,2012Q4,0.0179571457856654,Landsat-7,,no_data,,False,False,False
Sale,2012,4,2012Q4,0.2284589591010086,Landsat-7,,no_data,,False,False,False
Sumber,2012,4,2012Q4,0.2132382769512418,Landsat-7,,no_data,,False,False,False
Bulu,2012,4,2012Q4,0.2884346159671967,Landsat-7,,no_data,,False,False,False
Rembang,2013,1,2013Q1,,no_data,,no_data,,False,False,False
Pancur,2013,1,2013Q1,,no_data,,no_data,,False,False,False
Lasem,2013,1,2013Q1,,no_data,,no_data,,False,False,False
Kragan,2013,1,2013Q1,,no_data,,no_data,,False,False,False
Sluke,2013,1,2013Q1,,no_data,,no_data,,False,False,False
Pamotan,2013,1,2013Q1,,no_data,,no_data,,False,False,False
Sulang,2013,1,2013Q1,,no_data,,no_data,,False,False,False
Sarang,2013,1,2013Q1,,no_data,,no_data,,False,False,False
Sedan,2013,1,2013Q1,,no_data,,no_data,,False,False,False
Kaliori,2013,1,2013Q1,,no_data,,no_data,,False,False,False
Gunem,2013,1,2013Q1,,no_data,,no_data,,False,False,False
Sale,2013,1,2013Q1,,no_data,,no_data,,False,False,False
Sumber,2013,1,2013Q1,,no_data,,no_data,,False,False,False
Bulu,2013,1,2013Q1,,no_data,,no_data,,False,False,False
Rembang,2013,2,2013Q2,0.6093541991502447,Landsat-8,,no_data,,False,False,False
Pancur,2013,2,2013Q2,0.7269857434578597,Landsat-8,,no_data,,False,False,False
Lasem,2013,2,2013Q2,0.5634836119370281,Landsat-8,,no_data,,False,False,False
Kragan,2013,2,2013Q2,0.5584471308706493,Landsat-8,,no_data,,False,False,False
Sluke,2013,2,2013Q2,0.4738223336210417,Landsat-8,,no_data,,False,False,False
Pamotan,2013,2,2013Q2,0.7152280645088752,Landsat-8,,no_data,,False,False,False
Sulang,2013,2,2013Q2,0.7008566340151706,Landsat-8,,no_data,,False,False,False
Sarang,2013,2,2013Q2,0.5609981215326093,Landsat-8,,no_data,,False,False,False
Sedan,2013,2,2013Q2,0.6306805922546825,Landsat-8,,no_data,,False,False,False
Kaliori,2013,2,2013Q2,0.5150054623009347,Landsat-8,,no_data,,False,False,False
Gunem,2013,2,2013Q2,0.6149381297546893,Landsat-8,,no_data,,False,False,False
Sale,2013,2,2013Q2,0.6694027265278264,Landsat-8,,no_data,,False,False,False
Sumber,2013,2,2013Q2,0.7067966141450082,Landsat-8,,no_data,,False,False,False
Bulu,2013,2,2013Q2,0.7456769271423163,Landsat-8,,no_data,,False,False,False
Rembang,2013,3,2013Q3,0.517208325716912,Landsat-8,,no_data,,False,False,False
Pancur,2013,3,2013Q3,0.69584138250302,Landsat-8,,no_data,,False,False,False
Lasem,2013,3,2013Q3,0.6060016601458361,Landsat-8,,no_data,,False,False,False
Kragan,2013,3,2013Q3,0.6255277963291285,Landsat-8,,no_data,,False,False,False
Sluke,2013,3,2013Q3,0.6634463721948836,Landsat-8,,no_data,,False,False,False
Pamotan,2013,3,2013Q3,0.6263301135573521,Landsat-8,,no_data,,False,False,False
Sulang,2013,3,2013Q3,0.6211861922719922,Landsat-8,,no_data,,False,False,False
Sarang,2013,3,2013Q3,0.5575140739625607,Landsat-8,,no_data,,False,False,False
Sedan,2013,3,2013Q3,0.6571980032448448,Landsat-8,,no_data,,False,False,False
Kaliori,2013,3,2013Q3,0.4282796754257591,Landsat-8,,no_data,,False,False,False
Gunem,2013,3,2013Q3,0.6379679490878305,Landsat-8,,no_data,,False,False,False
Sale,2013,3,2013Q3,0.6419304755358703,Landsat-8,,no_data,,False,False,False
Sumber,2013,3,2013Q3,0.5711859071749453,Landsat-8,,no_data,,False,False,False
Bulu,2013,3,2013Q3,0.6749163738165673,Landsat-8,,no_data,,False,False,False
Rembang,2013,4,2013Q4,0.3997735082150108,Landsat-8,,no_data,,False,False,False
Pancur,2013,4,2013Q4,0.6075978924024938,Landsat-8,,no_data,,False,False,False
Lasem,2013,4,2013Q4,0.5161393168835258,Landsat-8,,no_data,,False,False,False
Kragan,2013,4,2013Q4,0.5496571017425479,Landsat-8,,no_data,,False,False,False
Sluke,2013,4,2013Q4,0.5631415067557799,Landsat-8,,no_data,,False,False,False
Pamotan,2013,4,2013Q4,0.508919980983672,Landsat-8,,no_data,,False,False,False
Sulang,2013,4,2013Q4,0.4655712903293206,Landsat-8,,no_data,,False,False,False
Sarang,2013,4,2013Q4,0.4141228072791269,Landsat-8,,no_data,,False,False,False
Sedan,2013,4,2013Q4,0.5299746529118243,Landsat-8,,no_data,,False,False,False
Kaliori,2013,4,2013Q4,0.3070389165195892,Landsat-8,,no_data,,False,False,False
Gunem,2013,4,2013Q4,0.4941491972119491,Landsat-8,,no_data,,False,False,False
Sale,2013,4,2013Q4,0.4870284401732038,Landsat-8,,no_data,,False,False,False
Sumber,2013,4,2013Q4,0.4369349806430286,Landsat-8,,no_data,,False,False,False
Bulu,2013,4,2013Q4,0.5279551971698729,Landsat-8,,no_data,,False,False,False
Rembang,2014,1,2014Q1,0.638796170809103,Landsat-8,0.7790611374046666,VIIRS,2.09177179535608,True,False,True
Pancur,2014,1,2014Q1,0.5680126470642127,Landsat-8,0.3759618011225268,VIIRS,1.0094538848892436,True,False,True
Lasem,2014,1,2014Q1,0.6162281139732906,Landsat-8,0.5148521705466639,VIIRS,1.382373214912361,True,False,True
Kragan,2014,1,2014Q1,0.6045856253460031,Landsat-8,0.3568482556634708,VIIRS,0.9581341958675303,True,False,True
Sluke,2014,1,2014Q1,0.692087278881826,Landsat-8,0.5554306577264275,VIIRS,1.4913260697083492,True,False,True
Pamotan,2014,1,2014Q1,0.635061145584456,Landsat-8,0.3519434566509923,VIIRS,0.944964856847012,True,False,True
Sulang,2014,1,2014Q1,0.6677410483717104,Landsat-8,0.3027146597244801,VIIRS,0.8127860020869881,True,False,True
Sarang,2014,1,2014Q1,0.6250788972303353,Landsat-8,0.2647523559307395,VIIRS,0.7108575749714681,True,False,True
Sedan,2014,1,2014Q1,0.7198206308755808,Landsat-8,0.2768809702184068,VIIRS,0.7434227897737529,True,False,True
Kaliori,2014,1,2014Q1,0.559271606053447,Landsat-8,0.4824563246554457,VIIRS,1.2953906746874684,True,False,True
Gunem,2014,1,2014Q1,0.5607384333000495,Landsat-8,0.231965155827898,VIIRS,0.6228242523848792,True,False,True
Sale,2014,1,2014Q1,0.6436156713689132,Landsat-8,0.2265002287247861,VIIRS,0.6081509747316665,True,False,True
Sumber,2014,1,2014Q1,0.6876623419731782,Landsat-8,0.3245539966315818,VIIRS,0.8714244154004035,True,False,True
Bulu,2014,1,2014Q1,0.5709101466041072,Landsat-8,0.170249872055045,VIIRS,0.4571192983827963,True,False,True
Rembang,2014,2,2014Q2,0.525599194158741,Landsat-8,1.0382066222138482,VIIRS,2.840344369298357,True,False,True
Pancur,2014,2,2014Q2,0.6862270944261388,Landsat-8,0.3375679731019943,VIIRS,0.9235245385077258,True,False,True
Lasem,2014,2,2014Q2,0.6391715512165687,Landsat-8,0.425828294889367,VIIRS,1.1649887159242214,True,False,True
Kragan,2014,2,2014Q2,0.665271409065002,Landsat-8,0.2634940655256299,VIIRS,0.7208718085070144,True,False,True
Sluke,2014,2,2014Q2,0.7086952922895051,Landsat-8,0.6004250431716861,VIIRS,1.642653643377689,True,False,True
Pamotan,2014,2,2014Q2,0.6751917908035782,Landsat-8,0.3362776182832256,VIIRS,0.919994362562526,True,False,True
Sulang,2014,2,2014Q2,0.5954251547053752,Landsat-8,0.289712518453598,VIIRS,0.7926007240738129,True,False,True
Sarang,2014,2,2014Q2,0.5815773646302446,Landsat-8,0.2013126024657938,VIIRS,0.5507546423304728,True,False,True
Sedan,2014,2,2014Q2,0.6287651856237026,Landsat-8,0.2417302010611194,VIIRS,0.6613298362605573,True,False,True
Kaliori,2014,2,2014Q2,0.3833036469948301,Landsat-8,0.6440481598390763,VIIRS,1.761998551362629,True,False,True
Gunem,2014,2,2014Q2,0.6206324609518153,Landsat-8,0.1323555367470006,VIIRS,0.362100660409167,True,False,True
Sale,2014,2,2014Q2,0.6807485654039491,Landsat-8,0.148914142839253,VIIRS,0.4074019930834552,True,False,True
Sumber,2014,2,2014Q2,0.5806812065882876,Landsat-8,0.3385020891825358,VIIRS,0.9260801100990332,True,False,True
Bulu,2014,2,2014Q2,0.6315575480036313,Landsat-8,0.118924593552947,VIIRS,0.3253560442033398,True,False,True
Rembang,2014,3,2014Q3,0.4545714933847261,Landsat-8,1.2220147279895472,VIIRS,2.7195126595469947,True,False,True
Pancur,2014,3,2014Q3,0.6502772113966955,Landsat-8,0.4517354156230486,VIIRS,1.005307181177535,True,False,True
Lasem,2014,3,2014Q3,0.59757124492974,Landsat-8,0.547383325604292,VIIRS,1.218165255712483,True,False,True
Kragan,2014,3,2014Q3,0.6084103509323618,Landsat-8,0.3277383277457406,VIIRS,0.7293598930592655,True,False,True
Sluke,2014,3,2014Q3,0.6624542813403501,Landsat-8,0.6301799777184146,VIIRS,1.4024237089333431,True,False,True
Pamotan,2014,3,2014Q3,0.5813412290870991,Landsat-8,0.3842257463959139,VIIRS,0.8550688936185381,True,False,True
Sulang,2014,3,2014Q3,0.5462578301491062,Landsat-8,0.3686759112361608,VIIRS,0.8204637676718243,True,False,True
Sarang,2014,3,2014Q3,0.5528494280350744,Landsat-8,0.265721164100568,VIIRS,0.5913448120792538,True,False,True
Sedan,2014,3,2014Q3,0.6153202075066236,Landsat-8,0.2992972430094932,VIIRS,0.6660661469039121,True,False,True
Kaliori,2014,3,2014Q3,0.3324073327892438,Landsat-8,0.7020001176740227,VIIRS,1.5622546629686076,True,False,True
Gunem,2014,3,2014Q3,0.6152937787636654,Landsat-8,0.2265100131280375,VIIRS,0.5040829984343062,True,False,True
Sale,2014,3,2014Q3,0.6014880828410812,Landsat-8,0.2023986031539143,VIIRS,0.4504246560573421,True,False,True
Sumber,2014,3,2014Q3,0.4976027059479727,Landsat-8,0.4639167144548061,VIIRS,1.0324158531304422,True,False,True
Bulu,2014,3,2014Q3,0.6138944334985981,Landsat-8,0.1991115379787783,VIIRS,0.4431095107061521,True,False,True
Rembang,2014,4,2014Q4,0.3056614498583113,Landsat-8,1.1723082263357685,VIIRS,4.484698087479373,True,False,True
Pancur,2014,4,2014Q4,0.5157934701792433,Landsat-8,0.208760529756546,VIIRS,0.7986192773437142,True,False,True
Lasem,2014,4,2014Q4,0.462521763671549,Landsat-8,0.3606506862076632,VIIRS,1.3796793422998448,True,False,True
Kragan,2014,4,2014Q4,0.4592589093654398,Landsat-8,0.0005933935657148,VIIRS,0.0022700437730456,True,False,True
Sluke,2014,4,2014Q4,0.4825530276898457,Landsat-8,0.4479793440063354,VIIRS,1.7137575785636865,True,False,True
Pamotan,2014,4,2014Q4,0.4111223043559908,Landsat-8,0.2578472905007293,VIIRS,0.9864020609876334,True,False,True
Sulang,2014,4,2014Q4,0.3558732721568711,Landsat-8,0.2921160566018632,VIIRS,1.1174981894131757,True,False,True
Sarang,2014,4,2014Q4,0.341437981853531,Landsat-8,0.0008341540343513,VIIRS,0.0031910797164765,True,False,True
Sedan,2014,4,2014Q4,0.4264241428218548,Landsat-8,0.0119386153504708,VIIRS,0.0456715087607629,True,False,True
Kaliori,2014,4,2014Q4,0.2413774713520121,Landsat-8,0.5791039029445698,VIIRS,2.215378266264506,True,False,True
Gunem,2014,4,2014Q4,0.3985451637403923,Landsat-8,0.0779674255391747,VIIRS,0.2982665789987204,True,False,True
Sale,2014,4,2014Q4,0.412174137160315,Landsat-8,0.0003017553420628,VIIRS,0.0011543735470198,True,False,True
Sumber,2014,4,2014Q4,0.3397538783206515,Landsat-8,0.2491759955883026,VIIRS,0.953229778446138,True,False,True
Bulu,2014,4,2014Q4,0.4139013773074204,Landsat-8,4.805464763052913e-05,VIIRS,0.0001838344059025,True,False,True
Rembang,2015,1,2015Q1,,no_data,1.301563045907258,VIIRS,3.373386708137672,True,False,True
Pancur,2015,1,2015Q1,,no_data,0.5382934048478634,VIIRS,1.3951470293367114,True,False,True
Lasem,2015,1,2015Q1,,no_data,0.7036639121026624,VIIRS,1.8237537517275324,True,False,True
Kragan,2015,1,2015Q1,,no_data,0.0,VIIRS,0.0,True,False,True
Sluke,2015,1,2015Q1,,no_data,0.288951293534932,VIIRS,0.7489029870469918,True,False,True
Pamotan,2015,1,2015Q1,,no_data,0.0,VIIRS,0.0,True,False,True
Sulang,2015,1,2015Q1,,no_data,0.3206678595807817,VIIRS,0.8311058758454062,True,False,True
Sarang,2015,1,2015Q1,,no_data,1.819033842424074e-05,VIIRS,4.714565771501786e-05,True,False,True
Sedan,2015,1,2015Q1,,no_data,0.3081392406151562,VIIRS,0.7986342435085318,True,False,True
Kaliori,2015,1,2015Q1,,no_data,0.5715320745452505,VIIRS,1.481294901240362,True,False,True
Gunem,2015,1,2015Q1,,no_data,0.2962836134885821,VIIRS,0.7679068691480039,True,False,True
Sale,2015,1,2015Q1,,no_data,0.3245771145526038,VIIRS,0.8412378696832257,True,False,True
Sumber,2015,1,2015Q1,,no_data,0.4181930728923486,VIIRS,1.0838713944486231,True,False,True
Bulu,2015,1,2015Q1,,no_data,0.3297755758870732,VIIRS,0.8547112242192272,True,False,True
Rembang,2015,2,2015Q2,0.529695426246181,Landsat-8,1.4315468788146972,VIIRS,3.191779924745494,True,False,True
Pancur,2015,2,2015Q2,0.7260343547355637,Landsat-8,0.4414506273331072,VIIRS,0.9842592449747516,True,False,True
Lasem,2015,2,2015Q2,0.5888858435646673,Landsat-8,0.4662170529692589,VIIRS,1.0394785195392162,True,False,True
Kragan,2015,2,2015Q2,0.6223711115228683,Landsat-8,0.3596072878076843,VIIRS,0.8017811634412527,True,False,True
Sluke,2015,2,2015Q2,0.6373156247664152,Landsat-8,0.6244100001675025,VIIRS,1.3921858465404406,True,False,True
Pamotan,2015,2,2015Q2,0.6932734690304592,Landsat-8,0.3811235115133973,VIIRS,0.8497537809618817,True,False,True
Sulang,2015,2,2015Q2,0.6502758865801024,Landsat-8,0.3516849713362548,VIIRS,0.7841175500135695,True,False,True
Sarang,2015,2,2015Q2,0.6033709273414409,Landsat-8,0.2658463818366723,VIIRS,0.5927316507546594,True,False,True
Sedan,2015,2,2015Q2,0.6833072867624775,Landsat-8,0.2596509547399676,VIIRS,0.5789183135003045,True,False,True
Kaliori,2015,2,2015Q2,0.4646110373941597,Landsat-8,0.7179053131393766,VIIRS,1.600643192518876,True,False,True
Gunem,2015,2,2015Q2,0.676343424943661,Landsat-8,0.1802310084519095,VIIRS,0.4018434346137141,True,False,True
Sale,2015,2,2015Q2,0.7367768306134331,Landsat-8,0.1711591874761541,VIIRS,0.3816168835312405,True,False,True
Sumber,2015,2,2015Q2,0.6636526280958588,Landsat-8,0.4153626444611218,VIIRS,0.9260934236243176,True,False,True
Bulu,2015,2,2015Q2,0.7176843353631019,Landsat-8,0.2129514820664158,VIIRS,0.4747970712402826,True,False,True
Rembang,2015,3,2015Q3,0.3237604467905649,Landsat-8,1.584044550829907,VIIRS,2.7618738979244664,True,False,True
Pancur,2015,3,2015Q3,0.5214578800466111,Landsat-8,0.535348764499702,VIIRS,0.9334117390721076,True,False,True
Lasem,2015,3,2015Q3,0.4378013924520956,Landsat-8,0.6518319663389923,VIIRS,1.1365069831661283,True,False,True
Kragan,2015,3,2015Q3,0.4614592269446361,Landsat-8,0.4210199200562845,VIIRS,0.7340727425251301,True,False,True
Sluke,2015,3,2015Q3,0.5101910782564422,Landsat-8,0.8614174801370372,VIIRS,1.5019315286049797,True,False,True
Pamotan,2015,3,2015Q3,0.4086434623558689,Landsat-8,0.4821811288087926,VIIRS,0.8407108708091875,True,False,True
Sulang,2015,3,2015Q3,0.4068037698180082,Landsat-8,0.4931138052015889,VIIRS,0.8597726286037517,True,False,True
Sarang,2015,3,2015Q3,0.3576433984965438,Landsat-8,0.3588099673639632,VIIRS,0.6256060681238194,True,False,True
Sedan,2015,3,2015Q3,0.4249927902694411,Landsat-8,0.3654668456784355,VIIRS,0.6372127230305693,True,False,True
Kaliori,2015,3,2015Q3,0.2670231738952516,Landsat-8,0.8453889754933438,VIIRS,1.473984897574315,True,False,True
Gunem,2015,3,2015Q3,0.4234099320599137,Landsat-8,0.3413515780526299,VIIRS,0.5951663499268073,True,False,True
Sale,2015,3,2015Q3,0.444863881427362,Landsat-8,0.2643966610506806,VIIRS,0.4609909717953813,True,False,True
Sumber,2015,3,2015Q3,0.3849618744279137,Landsat-8,0.5428928881883621,VIIRS,0.946565357944448,True,False,True
Bulu,2015,3,2015Q3,0.465007686750562,Landsat-8,0.2822924036420107,VIIRS,0.492193240898908,True,False,True
Rembang,2015,4,2015Q4,0.2425487346951202,Landsat-8,1.523287872473399,VIIRS,2.568622735202585,True,False,True
Pancur,2015,4,2015Q4,0.3498309786466654,Landsat-8,0.586924178643584,VIIRS,0.9896926354807174,True,False,True
Lasem,2015,4,2015Q4,0.2903946820082485,Landsat-8,0.7346095927691054,VIIRS,1.2387250864281976,True,False,True
Kragan,2015,4,2015Q4,0.3536047254799366,Landsat-8,0.4890716929351333,VIIRS,0.8246902586951032,True,False,True
Sluke,2015,4,2015Q4,0.3500774598620261,Landsat-8,0.7048768073209599,VIIRS,1.1885885954450457,True,False,True
Pamotan,2015,4,2015Q4,0.3341218971271478,Landsat-8,0.5520507005544809,VIIRS,0.930887723885241,True,False,True
Sulang,2015,4,2015Q4,0.3137158171767016,Landsat-8,0.523676509112981,VIIRS,0.8830421429240495,True,False,True
Sarang,2015,4,2015Q4,0.3110519279810058,Landsat-8,0.3583515562442703,VIIRS,0.6042652680413396,True,False,True
Sedan,2015,4,2015Q4,0.3396235732996528,Landsat-8,0.3979936693374064,VIIRS,0.6711112232954601,True,False,True
Kaliori,2015,4,2015Q4,0.216251837547426,Landsat-8,0.8585770051387546,VIIRS,1.4477633907375989,True,False,True
Gunem,2015,4,2015Q4,0.320224836300566,Landsat-8,0.4121109436887086,VIIRS,0.6949162784745366,True,False,True
Sale,2015,4,2015Q4,0.4009320983568415,Landsat-8,0.2990140348512927,VIIRS,0.5042082077477453,True,False,True
Sumber,2015,4,2015Q4,0.3023311222816384,Landsat-8,0.5337005755581414,VIIRS,0.8999450838818953,True,False,True
Bulu,2015,4,2015Q4,0.3656026843403597,Landsat-8,0.3282704166370926,VIIRS,0.5535413697604854,True,False,True
Rembang,2016,1,2016Q1,0.6078479165612396,Landsat-8,0.9692227596361715,VIIRS,2.920247741058217,True,False,True
Pancur,2016,1,2016Q1,0.7800313822921413,Landsat-8,0.3233876360244438,VIIRS,0.974360129492872,True,False,True
Lasem,2016,1,2016Q1,0.6734826514124846,Landsat-8,0.3871974816100912,VIIRS,1.1666178489656476,True,False,True
Kragan,2016,1,2016Q1,0.7281145802487482,Landsat-8,0.229415913414173,VIIRS,0.6912253104353777,True,False,True
Sluke,2016,1,2016Q1,0.7479525843782077,Landsat-8,0.4348048039415083,VIIRS,1.3100577074645736,True,False,True
Pamotan,2016,1,2016Q1,0.7741855160638178,Landsat-8,0.2727849661980864,VIIRS,0.8218953521413722,True,False,True
Sulang,2016,1,2016Q1,0.7205207876054905,Landsat-8,0.3232002007987415,VIIRS,0.973795391109451,True,False,True
Sarang,2016,1,2016Q1,0.6912463533823052,Landsat-8,0.1465052376906274,VIIRS,0.4414171924520757,True,False,True
Sedan,2016,1,2016Q1,0.769097556066538,Landsat-8,0.1927284442379238,VIIRS,0.580686739274191,True,False,True
Kaliori,2016,1,2016Q1,0.5343053235072797,Landsat-8,0.5936340265241626,VIIRS,1.788606806574812,True,False,True
Gunem,2016,1,2016Q1,0.7734993999922504,Landsat-8,0.1998746265815556,VIIRS,0.602218036015525,True,False,True
Sale,2016,1,2016Q1,0.7946868637647921,Landsat-8,0.1334593124525081,VIIRS,0.4021100947515086,True,False,True
Sumber,2016,1,2016Q1,0.7440593420826138,Landsat-8,0.2611534532518068,VIIRS,0.7868498488566443,True,False,True
Bulu,2016,1,2016Q1,0.7645479964458618,Landsat-8,0.1791953466012827,VIIRS,0.5399118014077334,True,False,True
Rembang,2016,2,2016Q2,0.541529626443713,Landsat-8,1.3263459626225422,VIIRS,2.676873628665686,True,False,True
Pancur,2016,2,2016Q2,0.592479989451648,Landsat-8,0.5105361799057971,VIIRS,1.0303803645372678,True,False,True
Lasem,2016,2,2016Q2,0.4536920209925134,Landsat-8,0.5330405287699814,VIIRS,1.0757993575469909,True,False,True
Kragan,2016,2,2016Q2,0.4897571694107686,Landsat-8,0.3886499072496707,VIIRS,0.7843856104050891,True,False,True
Sluke,2016,2,2016Q2,0.4646726151529712,Landsat-8,0.6201472540042784,VIIRS,1.2516009223197824,True,False,True
Pamotan,2016,2,2016Q2,0.6326712181947194,Landsat-8,0.4474038985889236,VIIRS,0.9029647853919224,True,False,True
Sulang,2016,2,2016Q2,0.6158938009745798,Landsat-8,0.3839369366112539,VIIRS,0.7748737430867702,True,False,True
Sarang,2016,2,2016Q2,0.6208274727381745,Landsat-8,0.3421873423467279,VIIRS,0.6906133833890442,True,False,True
Sedan,2016,2,2016Q2,0.5825447116457027,Landsat-8,0.3512578098274723,VIIRS,0.7089196894985493,True,False,True
Kaliori,2016,2,2016Q2,0.4476751788633055,Landsat-8,0.779395406879387,VIIRS,1.5730006120373998,True,False,True
Gunem,2016,2,2016Q2,0.6568875835696163,Landsat-8,0.3003061178773977,VIIRS,0.6060873634232543,True,False,True
Sale,2016,2,2016Q2,0.6308071241834692,Landsat-8,0.2307541697556404,VIIRS,0.4657154084460442,True,False,True
Sumber,2016,2,2016Q2,0.5648680922552337,Landsat-8,0.4479552326965809,VIIRS,0.9040775054325167,True,False,True
Bulu,2016,2,2016Q2,0.6450839069560871,Landsat-8,0.2748483200936928,VIIRS,0.5547076258196824,True,False,True
Rembang,2016,3,2016Q3,0.4824729863669905,Landsat-8,1.4366052892893502,VIIRS,2.8549452826038944,True,False,True
Pancur,2016,3,2016Q3,0.6113638946007723,Landsat-8,0.4772693827622373,VIIRS,0.9484706641462752,True,False,True
Lasem,2016,3,2016Q3,0.5894175731278698,Landsat-8,0.6018757983206129,VIIRS,1.1960992235932073,True,False,True
Kragan,2016,3,2016Q3,0.5424765669695584,Landsat-8,0.3895739677857106,VIIRS,0.7741948117880572,True,False,True
Sluke,2016,3,2016Q3,0.6477982878229948,Landsat-8,0.6282656975051853,VIIRS,1.248543495340708,True,False,True
Pamotan,2016,3,2016Q3,0.5316574104730788,Landsat-8,0.4524616907573772,VIIRS,0.8991706902497565,True,False,True
Sulang,2016,3,2016Q3,0.5756304735746313,Landsat-8,0.414461433094735,VIIRS,0.8236533180386607,True,False,True
Sarang,2016,3,2016Q3,0.5522838989747613,Landsat-8,0.2946224445044795,VIIRS,0.5854989984781249,True,False,True
Sedan,2016,3,2016Q3,0.5467071699126362,Landsat-8,0.3342520430943413,VIIRS,0.6642543367670293,True,False,True
Kaliori,2016,3,2016Q3,0.4168878441390156,Landsat-8,0.7775427259521981,VIIRS,1.5451996133038717,True,False,True
Gunem,2016,3,2016Q3,0.4127106581545208,Landsat-8,0.2980588867383843,VIIRS,0.592328191310542,True,False,True
Sale,2016,3,2016Q3,0.4819006957907958,Landsat-8,0.2019853589030134,VIIRS,0.4014026342896659,True,False,True
Sumber,2016,3,2016Q3,0.5867407669076581,Landsat-8,0.4604390174656663,VIIRS,0.9150239182890924,True,False,True
Bulu,2016,3,2016Q3,0.586216439534432,Landsat-8,0.2773706849512449,VIIRS,0.5512148218011146,True,False,True
Rembang,2016,4,2016Q4,0.4654523101707594,Landsat-8,0.6895919597547735,VIIRS,2.379968737387115,True,False,True
Pancur,2016,4,2016Q4,0.6614043947341881,Landsat-8,0.3055254223524328,VIIRS,1.0544510320775258,True,False,True
Lasem,2016,4,2016Q4,0.5435293752979178,Landsat-8,0.2643559946621143,VIIRS,0.9123641799136448,True,False,True
Kragan,2016,4,2016Q4,0.6395257081299696,Landsat-8,0.2342841890475429,VIIRS,0.8085782290668376,True,False,True
Sluke,2016,4,2016Q4,0.6727734894034193,Landsat-8,0.43941340401046,VIIRS,1.5165347413645065,True,False,True
Pamotan,2016,4,2016Q4,0.586231361843236,Landsat-8,0.2600245730153441,VIIRS,0.8974152699648965,True,False,True
Sulang,2016,4,2016Q4,0.5510868815096308,Landsat-8,0.2417980231446762,VIIRS,0.8345105068379561,True,False,True
Sarang,2016,4,2016Q4,0.607232052908756,Landsat-8,0.1987718985535892,VIIRS,0.6860156904915984,True,False,True
Sedan,2016,4,2016Q4,0.6719530007873148,Landsat-8,0.2422723177872769,VIIRS,0.8361474261867565,True,False,True
Kaliori,2016,4,2016Q4,0.2944587035623369,Landsat-8,0.4229506541192838,VIIRS,1.4597173299689972,True,False,True
Gunem,2016,4,2016Q4,0.5830941960759081,Landsat-8,0.1352444527763226,VIIRS,0.4667652587294362,True,False,True
Sale,2016,4,2016Q4,0.5591846385862109,Landsat-8,0.2001829999482798,VIIRS,0.6908857838230826,True,False,True
Sumber,2016,4,2016Q4,0.4967587829505424,Landsat-8,0.2691987633705139,VIIRS,0.9290778871507278,True,False,True
Bulu,2016,4,2016Q4,0.5257648296420131,Landsat-8,0.1528619241900483,VIIRS,0.5275679270369217,True,False,True
Rembang,2017,1,2017Q1,,no_data,0.0,VIIRS,0.0,True,False,True
Pancur,2017,1,2017Q1,,no_data,0.5091502030260749,VIIRS,1.2442627344026391,True,False,True
Lasem,2017,1,2017Q1,,no_data,0.5401959475665192,VIIRS,1.320132414437866,True,False,True
Kragan,2017,1,2017Q1,,no_data,0.4233862898442136,VIIRS,1.0346726360495444,True,False,True
Sluke,2017,1,2017Q1,,no_data,0.2986187543522752,VIIRS,0.7297653730194888,True,False,True
Pamotan,2017,1,2017Q1,,no_data,0.5708043430927937,VIIRS,1.3949332996910715,True,False,True
Sulang,2017,1,2017Q1,,no_data,0.4579221224186742,VIIRS,1.119071403286743,True,False,True
Sarang,2017,1,2017Q1,,no_data,0.4195430430957452,VIIRS,1.0252804985627828,True,False,True
Sedan,2017,1,2017Q1,,no_data,0.5082671038279343,VIIRS,1.242104614035611,True,False,True
Kaliori,2017,1,2017Q1,,no_data,0.0,VIIRS,0.0,True,False,True
Gunem,2017,1,2017Q1,,no_data,0.5633149379366652,VIIRS,1.3766306697731645,True,False,True
Sale,2017,1,2017Q1,,no_data,0.505361914465805,VIIRS,1.2350049038946815,True,False,True
Sumber,2017,1,2017Q1,,no_data,0.5032072578796318,VIIRS,1.2297393479159615,True,False,True
Bulu,2017,1,2017Q1,,no_data,0.4290043652513394,VIIRS,1.0484021049304446,True,False,True
Rembang,2017,2,2017Q2,0.5287945058196962,Sentinel-2,1.54969513517254,VIIRS,2.2709789861853613,True,True,True
Pancur,2017,2,2017Q2,0.7403529802069642,Sentinel-2,0.6636966178331516,VIIRS,0.972604893757746,True,True,True
Lasem,2017,2,2017Q2,0.6371367482421402,Sentinel-2,0.6554834338096975,VIIRS,0.9605689985009276,True,True,True
Kragan,2017,2,2017Q2,0.6961720209820597,Sentinel-2,0.5928754261477807,VIIRS,0.8688209723633125,True,True,True
Sluke,2017,2,2017Q2,0.7243340409561942,Sentinel-2,0.8675672212869512,VIIRS,1.2713642083070296,True,True,True
Pamotan,2017,2,2017Q2,0.6800688743783776,Sentinel-2,0.571344415402938,VIIRS,0.8372686548506006,True,True,True
Sulang,2017,2,2017Q2,0.6412287217709756,Sentinel-2,0.5560528432488675,VIIRS,0.8148598350514954,True,True,True
Sarang,2017,2,2017Q2,0.6586701218377833,Sentinel-2,0.5286865064589559,VIIRS,0.7747562208836409,True,True,True
Sedan,2017,2,2017Q2,0.728263578960591,Sentinel-2,0.5218777615196851,VIIRS,0.7647784411717248,True,True,True
Kaliori,2017,2,2017Q2,0.4347153230317593,Sentinel-2,0.9831063630569948,VIIRS,1.440679422045793,True,True,True
Gunem,2017,2,2017Q2,0.7025528495457692,Sentinel-2,0.6137528168355119,VIIRS,0.8994154515367537,True,True,True
Sale,2017,2,2017Q2,0.7415160019295807,Sentinel-2,0.4210281270048393,VIIRS,0.6169897596758709,True,True,True
Sumber,2017,2,2017Q2,0.5906601376116273,Sentinel-2,0.6042238642652351,VIIRS,0.8854513817295357,True,True,True
Bulu,2017,2,2017Q2,0.7093180740354816,Sentinel-2,0.4240804707240756,VIIRS,0.6214627739402079,True,True,True
Rembang,2017,3,2017Q3,0.399501406542919,Sentinel-2,1.802852671282532,VIIRS,2.6879899567670638,True,True,True
Pancur,2017,3,2017Q3,0.6003248699230594,Sentinel-2,0.6371895065064669,VIIRS,0.9500271549245918,True,True,True
Lasem,2017,3,2017Q3,0.5233407110787395,Sentinel-2,0.7100706771166152,VIIRS,1.0586904182949377,True,True,True
Kragan,2017,3,2017Q3,0.5506729524123457,Sentinel-2,0.52982596258382,VIIRS,0.7899518851125041,True,True,True
Sluke,2017,3,2017Q3,0.570968817646299,Sentinel-2,0.8672174678908454,VIIRS,1.292990759120241,True,True,True
Pamotan,2017,3,2017Q3,0.5136056160484036,Sentinel-2,0.5830466329203962,VIIRS,0.8693020337052665,True,True,True
Sulang,2017,3,2017Q3,0.5265707697485974,Sentinel-2,0.5533424909800699,VIIRS,0.8250142022691128,True,True,True
Sarang,2017,3,2017Q3,0.4406270514639971,Sentinel-2,0.4017774155351603,VIIRS,0.5990360027844399,True,True,True
Sedan,2017,3,2017Q3,0.5554459882305389,Sentinel-2,0.4613391743460128,VIIRS,0.6878404913825344,True,True,True
Kaliori,2017,3,2017Q3,0.3190764507856146,Sentinel-2,0.9751170099389638,VIIRS,1.453865183295335,True,True,True
Gunem,2017,3,2017Q3,0.5332294884604486,Sentinel-2,0.6271639181682288,VIIRS,0.935079355144206,True,True,True
Sale,2017,3,2017Q3,0.5542816719947748,Sentinel-2,0.3574381688808924,VIIRS,0.5329277446911684,True,True,True
Sumber,2017,3,2017Q3,0.4894535470119507,Sentinel-2,0.5708725151593627,VIIRS,0.8511508520832662,True,True,True
Bulu,2017,3,2017Q3,0.5973814544824122,Sentinel-2,0.312639135281242,VIIRS,0.466133960425333,True,True,True
Rembang,2017,4,2017Q4,,no_data,1.7699999809265137,VIIRS,2.188881039228106,True,False,True
Pancur,2017,4,2017Q4,,no_data,0.8048525287013867,VIIRS,0.9953256827308424,True,False,True
Lasem,2017,4,2017Q4,,no_data,0.8909035992909626,VIIRS,1.1017412527017565,True,False,True
Kragan,2017,4,2017Q4,,no_data,0.7000679196141928,VIIRS,0.8657431705808548,True,False,True
Sluke,2017,4,2017Q4,,no_data,0.9371481607194124,VIIRS,1.1589298655655642,True,False,True
Pamotan,2017,4,2017Q4,,no_data,0.7257573813392546,VIIRS,0.8975121967299565,True,False,True
Sulang,2017,4,2017Q4,,no_data,0.7273067292712985,VIIRS,0.8994282070961503,True,False,True
Sarang,2017,4,2017Q4,,no_data,0.5525340646911325,VIIRS,0.683294548453596,True,False,True
Sedan,2017,4,2017Q4,,no_data,0.6145575320826168,VIIRS,0.7599962395402464,True,False,True
Kaliori,2017,4,2017Q4,,no_data,1.1565175775444794,VIIRS,1.4302143640114722,True,False,True
Gunem,2017,4,2017Q4,,no_data,0.6104428224287914,VIIRS,0.7549077592915221,True,False,True
Sale,2017,4,2017Q4,,no_data,0.5170588072608499,VIIRS,0.6394238596470149,True,False,True
Sumber,2017,4,2017Q4,,no_data,0.7536303905340344,VIIRS,0.9319815198882244,True,False,True
Bulu,2017,4,2017Q4,,no_data,0.5600751644995929,VIIRS,0.6926202945346922,True,False,True
Rembang,2018,1,2018Q1,,no_data,0.0,VIIRS,0.0,True,False,True
Pancur,2018,1,2018Q1,,no_data,0.7232745352913352,VIIRS,1.8784701638891783,True,False,True
Lasem,2018,1,2018Q1,,no_data,0.7283361836483603,VIIRS,1.8916161478203568,True,False,True
Kragan,2018,1,2018Q1,,no_data,0.5251417131228157,VIIRS,1.3638846548323615,True,False,True
Sluke,2018,1,2018Q1,,no_data,0.7760886624220911,VIIRS,2.0156376669687845,True,False,True
Pamotan,2018,1,2018Q1,,no_data,0.4768786049647138,VIIRS,1.2385369420789567,True,False,True
Sulang,2018,1,2018Q1,,no_data,0.3000000119209289,VIIRS,0.779152374461612,True,False,True
Sarang,2018,1,2018Q1,,no_data,0.3280059537658143,VIIRS,0.851888691862918,True,False,True
Sedan,2018,1,2018Q1,,no_data,0.4770061322914803,VIIRS,1.238868152797325,True,False,True
Kaliori,2018,1,2018Q1,,no_data,0.0,VIIRS,0.0,True,False,True
Gunem,2018,1,2018Q1,,no_data,0.419959292987042,VIIRS,1.0907075576860878,True,False,True
Sale,2018,1,2018Q1,,no_data,0.3600000143051147,VIIRS,0.9349828493539344,True,False,True
Sumber,2018,1,2018Q1,,no_data,0.0,VIIRS,0.0,True,False,True
Bulu,2018,1,2018Q1,,no_data,0.2757823181395628,VIIRS,0.716254798248485,True,False,True
Rembang,2018,2,2018Q2,0.51477072481426,Sentinel-2,2.182776413723865,VIIRS,2.4936338318085203,True,True,True
Pancur,2018,2,2018Q2,0.7174962042878676,Sentinel-2,0.8199999928474426,VIIRS,0.9367792832059644,True,True,True
Lasem,2018,2,2018Q2,0.6306437431818295,Sentinel-2,0.90141406549415,VIIRS,1.0297878408670742,True,True,True
Kragan,2018,2,2018Q2,0.6419153351468216,Sentinel-2,0.7067455134362036,VIIRS,0.8073958064155402,True,True,True
Sluke,2018,2,2018Q2,0.7151566898681697,Sentinel-2,0.925,VIIRS,1.056732737224218,True,True,True
Pamotan,2018,2,2018Q2,0.6522525402563691,Sentinel-2,0.7584976444781668,VIIRS,0.866518153543281,True,True,True
Sulang,2018,2,2018Q2,0.6325466269204074,Sentinel-2,0.7976633982137579,VIIRS,0.9112616499221576,True,True,True
Sarang,2018,2,2018Q2,0.6082888062899781,Sentinel-2,0.5825166124212806,VIIRS,0.6654749992675878,True,True,True
Sedan,2018,2,2018Q2,0.67891527146381,Sentinel-2,0.63582095442986,VIIRS,0.7263706135774926,True,True,True
Kaliori,2018,2,2018Q2,0.5272616145106522,Sentinel-2,1.3548248033949783,VIIRS,1.5477705112982036,True,True,True
Gunem,2018,2,2018Q2,0.6909931704518469,Sentinel-2,0.6943835889672517,VIIRS,0.7932733736788542,True,True,True
Sale,2018,2,2018Q2,0.7142263747423901,Sentinel-2,0.5136202960614337,VIIRS,0.5867668987577427,True,True,True
Sumber,2018,2,2018Q2,0.650166646816046,Sentinel-2,0.8336341841203867,VIIRS,0.9523551710586096,True,True,True
Bulu,2018,2,2018Q2,0.6838367627266732,Sentinel-2,0.5478567799388698,VIIRS,0.6258791293747545,True,True,True
Rembang,2018,3,2018Q3,0.2802141135423453,Sentinel-2,2.2984189603035188,VIIRS,2.43771202972907,True,True,True
Pancur,2018,3,2018Q3,0.5246384873251961,Sentinel-2,0.8999999761581421,VIIRS,0.9545434520549108,True,True,True
Lasem,2018,3,2018Q3,0.4345541115347742,Sentinel-2,0.9640612983612268,VIIRS,1.022487137898064,True,True,True
Kragan,2018,3,2018Q3,0.4969266898684669,Sentinel-2,0.7144353526255139,VIIRS,0.7577328953677618,True,True,True
Sluke,2018,3,2018Q3,0.5051413787501674,Sentinel-2,1.0612611360464952,VIIRS,1.125577661299334,True,True,True
Pamotan,2018,3,2018Q3,0.4494386210919563,Sentinel-2,0.8199999928474426,VIIRS,0.8696951606586094,True,True,True
Sulang,2018,3,2018Q3,0.425396235579404,Sentinel-2,0.8314375607543454,VIIRS,0.88182588937215,True,True,True
Sarang,2018,3,2018Q3,0.4372720906944899,Sentinel-2,0.639149880573406,VIIRS,0.677884832827841,True,True,True
Sedan,2018,3,2018Q3,0.5532625901444683,Sentinel-2,0.6965998660868677,VIIRS,0.7388165094336728,True,True,True
Kaliori,2018,3,2018Q3,0.2554058540262928,Sentinel-2,1.3592778943356474,VIIRS,1.4416553865920243,True,True,True
Gunem,2018,3,2018Q3,0.4837919491339639,Sentinel-2,0.8110239966262212,VIIRS,0.860175184385709,True,True,True
Sale,2018,3,2018Q3,0.5548267176250877,Sentinel-2,0.6043385411050998,VIIRS,0.6409637916867313,True,True,True
Sumber,2018,3,2018Q3,0.4091994526329076,Sentinel-2,0.946666657924652,VIIRS,1.0040383150431351,True,True,True
Bulu,2018,3,2018Q3,0.5314687216945664,Sentinel-2,0.5533562282117159,VIIRS,0.5868917536509846,True,True,True
Rembang,2018,4,2018Q4,0.231749863937855,Sentinel-2,1.806418792794262,VIIRS,2.335839522867932,True,True,True
Pancur,2018,4,2018Q4,0.3987690031164689,Sentinel-2,0.8667349630678205,VIIRS,1.1207554918389704,True,True,True
Lasem,2018,4,2018Q4,0.3511199932490205,Sentinel-2,0.9536874494303338,VIIRS,1.2331917967907235,True,True,True
Kragan,2018,4,2018Q4,0.3905393326987716,Sentinel-2,0.5767438427487033,VIIRS,0.7457744947279137,True,True,True
Sluke,2018,4,2018Q4,0.3926194224010162,Sentinel-2,0.8629381804264575,VIIRS,1.1158459575776951,True,True,True
Pamotan,2018,4,2018Q4,0.302801676372542,Sentinel-2,0.7076981993892415,VIIRS,0.9151086287354258,True,True,True
Sulang,2018,4,2018Q4,0.2850547430825683,Sentinel-2,0.698921442800502,VIIRS,0.9037596021396288,True,True,True
Sarang,2018,4,2018Q4,0.2737341938931541,Sentinel-2,0.4828295115143089,VIIRS,0.6243359847123721,True,True,True
Sedan,2018,4,2018Q4,0.3376113376919917,Sentinel-2,0.5023918425722659,VIIRS,0.6496315951360879,True,True,True
Kaliori,2018,4,2018Q4,0.2054368907222659,Sentinel-2,1.0969466459708703,VIIRS,1.4184370425933688,True,True,True
Gunem,2018,4,2018Q4,0.3125734550944908,Sentinel-2,0.6110703513469141,VIIRS,0.7901613311501247,True,True,True
Sale,2018,4,2018Q4,0.3518695142230773,Sentinel-2,0.4184605028563569,VIIRS,0.5411018669812924,True,True,True
Sumber,2018,4,2018Q4,0.3362394984893521,Sentinel-2,0.7900000214576721,VIIRS,1.021531264260664,True,True,True
Bulu,2018,4,2018Q4,0.3470570233491834,Sentinel-2,0.4520420577260823,VIIRS,0.5845254204878001,True,True,True
Rembang,2019,1,2019Q1,0.4676995855222266,Sentinel-2,1.7938034604131945,VIIRS,2.5246978268236604,True,True,True
Pancur,2019,1,2019Q1,0.6229911888043489,Sentinel-2,0.7400000095367433,VIIRS,1.0415167866253057,True,True,True
Lasem,2019,1,2019Q1,0.4294993650639216,Sentinel-2,0.7383814772815033,VIIRS,1.0392387751498973,True,True,True
Kragan,2019,1,2019Q1,0.4947111074738084,Sentinel-2,0.6131451725959778,VIIRS,0.8629742995500227,True,True,True
Sluke,2019,1,2019Q1,0.434582203749325,Sentinel-2,0.8268749937415123,VIIRS,1.1637894261131332,True,True,True
Pamotan,2019,1,2019Q1,0.655636755131137,Sentinel-2,0.6338087978942618,VIIRS,0.8920574243383198,True,True,True
Sulang,2019,1,2019Q1,0.5990553997238699,Sentinel-2,0.5532199455590187,VIIRS,0.7786322332027567,True,True,True
Sarang,2019,1,2019Q1,0.5587810523148414,Sentinel-2,0.4840664005615341,VIIRS,0.6813017236874696,True,True,True
Sedan,2019,1,2019Q1,0.5720532152079395,Sentinel-2,0.4900000095367432,VIIRS,0.6896530118946408,True,True,True
Kaliori,2019,1,2019Q1,0.4521929632481211,Sentinel-2,0.9880000114440918,VIIRS,1.3905656538426323,True,True,True
Gunem,2019,1,2019Q1,0.6167889198240893,Sentinel-2,0.5866064472898616,VIIRS,0.8256222352990216,True,True,True
Sale,2019,1,2019Q1,0.6081758039207905,Sentinel-2,0.4000000059604645,VIIRS,0.5629820479581498,True,True,True
Sumber,2019,1,2019Q1,0.5943929367327653,Sentinel-2,0.6700000166893005,VIIRS,0.9429949397676226,True,True,True
Bulu,2019,1,2019Q1,0.6974608537330649,Sentinel-2,0.429124606681721,VIIRS,0.6039736157473687,True,True,True
Rembang,2019,2,2019Q2,0.4661145410996118,Sentinel-2,2.3153612279891966,VIIRS,2.6238447409974235,True,True,True
Pancur,2019,2,2019Q2,0.6027726015514339,Sentinel-2,0.8319136076957009,VIIRS,0.9427523092853412,True,True,True
Lasem,2019,2,2019Q2,0.5428221635332358,Sentinel-2,0.9690768732426202,VIIRS,1.098190306869793,True,True,True
Kragan,2019,2,2019Q2,0.5956051736383453,Sentinel-2,0.7147723195874192,VIIRS,0.8100038858250805,True,True,True
Sluke,2019,2,2019Q2,0.6477088725385237,Sentinel-2,0.9251798486752476,VIIRS,1.0484447312489364,True,True,True
Pamotan,2019,2,2019Q2,0.5763682744884638,Sentinel-2,0.764517112701536,VIIRS,0.866376348241165,True,True,True
Sulang,2019,2,2019Q2,0.5493758780288495,Sentinel-2,0.803023463195321,VIIRS,0.9100130318034384,True,True,True
Sarang,2019,2,2019Q2,0.5352784944741602,Sentinel-2,0.5789252969412112,VIIRS,0.6560574986948242,True,True,True
Sedan,2019,2,2019Q2,0.5530435604156162,Sentinel-2,0.6167385449966489,VIIRS,0.6989087354050704,True,True,True
Kaliori,2019,2,2019Q2,0.4013630364309531,Sentinel-2,1.3455606688078263,VIIRS,1.524834329030608,True,True,True
Gunem,2019,2,2019Q2,0.5605972272313311,Sentinel-2,0.5959185228201668,VIIRS,0.6753147903070714,True,True,True
Sale,2019,2,2019Q2,0.5931889742221745,Sentinel-2,0.4790981704121059,VIIRS,0.5429300619104765,True,True,True
Sumber,2019,2,2019Q2,0.5384560617877975,Sentinel-2,0.865714294569833,VIIRS,0.9810563775338252,True,True,True
Bulu,2019,2,2019Q2,0.6046980970525297,Sentinel-2,0.5482302565422528,VIIRS,0.6212728528469469,True,True,True
Rembang,2019,3,2019Q3,0.2532361088767672,Sentinel-2,2.5514122516527804,VIIRS,2.666808469907067,True,True,True
Pancur,2019,3,2019Q3,0.4571315757244508,Sentinel-2,0.9572237772239168,VIIRS,1.0005174487359074,True,True,True
Lasem,2019,3,2019Q3,0.4057203497624148,Sentinel-2,1.0231578726517527,VIIRS,1.0694336358509886,True,True,True
Kragan,2019,3,2019Q3,0.4465937615973877,Sentinel-2,0.7317315349319102,VIIRS,0.7648265597966094,True,True,True
Sluke,2019,3,2019Q3,0.4579762491023058,Sentinel-2,1.0412499755620956,VIIRS,1.0883440150923198,True,True,True
Pamotan,2019,3,2019Q3,0.3521357923260691,Sentinel-2,0.8001590123371534,VIIRS,0.8363489004926166,True,True,True
Sulang,2019,3,2019Q3,0.3448799253757945,Sentinel-2,0.8583333492279053,VIIRS,0.897154367837608,True,True,True
Sarang,2019,3,2019Q3,0.3387503730976484,Sentinel-2,0.5765615297619433,VIIRS,0.6026384681643262,True,True,True
Sedan,2019,3,2019Q3,0.4140959457320625,Sentinel-2,0.6345966560123953,VIIRS,0.6632984285986205,True,True,True
Kaliori,2019,3,2019Q3,0.2043498292596312,Sentinel-2,1.477500021457672,VIIRS,1.544324939632458,True,True,True
Gunem,2019,3,2019Q3,0.3367472216905446,Sentinel-2,0.8785463069392221,VIIRS,0.9182815246863276,True,True,True
Sale,2019,3,2019Q3,0.3792595130875372,Sentinel-2,0.5159924312444278,VIIRS,0.5393299280267962,True,True,True
Sumber,2019,3,2019Q3,0.3517722560703741,Sentinel-2,0.9139719850549074,VIIRS,0.9553094484920208,True,True,True
Bulu,2019,3,2019Q3,0.4213585651630299,Sentinel-2,0.4337653641480707,VIIRS,0.4533838646863337,True,True,True
Rembang,2019,4,2019Q4,0.2138497204473587,Sentinel-2,2.4380416021148954,VIIRS,2.467385832547632,True,True,True
Pancur,2019,4,2019Q4,0.3480334244216907,Sentinel-2,0.946666657924652,VIIRS,0.9580607229516936,True,True,True
Lasem,2019,4,2019Q4,0.2830107444596683,Sentinel-2,1.0551976874723272,VIIRS,1.0678980302664858,True,True,True
Kragan,2019,4,2019Q4,0.368472027597633,Sentinel-2,0.8250709318732274,VIIRS,0.8350014726512185,True,True,True
Sluke,2019,4,2019Q4,0.3951774747337597,Sentinel-2,1.0514285564422607,VIIRS,1.064083534034537,True,True,True
Pamotan,2019,4,2019Q4,0.2715082185461804,Sentinel-2,0.829114459476645,VIIRS,0.8390936680893657,True,True,True
Sulang,2019,4,2019Q4,0.2547959247366768,Sentinel-2,0.953444960870241,VIIRS,0.96492060944508,True,True,True
Sarang,2019,4,2019Q4,0.2278825108281768,Sentinel-2,0.6340752142998266,VIIRS,0.6417069336207605,True,True,True
Sedan,2019,4,2019Q4,0.2987011154849897,Sentinel-2,0.6922144983263053,VIIRS,0.7005459811566837,True,True,True
Kaliori,2019,4,2019Q4,0.1657748722175206,Sentinel-2,1.4800000190734866,VIIRS,1.4978132760591236,True,True,True
Gunem,2019,4,2019Q4,0.2723482898045615,Sentinel-2,0.7990701887664828,VIIRS,0.8086877850087921,True,True,True
Sale,2019,4,2019Q4,0.3323327715961511,Sentinel-2,0.5157580880826261,VIIRS,0.5219657443306227,True,True,True
Sumber,2019,4,2019Q4,0.2542989906046358,Sentinel-2,1.0228571210588728,VIIRS,1.035168213303599,True,True,True
Bulu,2019,4,2019Q4,0.3038285937672374,Sentinel-2,0.5905602229657498,VIIRS,0.5976681965344054,True,True,True
Rembang,2020,1,2020Q1,0.4629022629974663,Sentinel-2,2.165000081062317,VIIRS,2.3153664884186624,True,True,True
Pancur,2020,1,2020Q1,0.4034505029426747,Sentinel-2,0.9167610260675538,VIIRS,0.9804331076992806,True,True,True
Lasem,2020,1,2020Q1,0.285969850544123,Sentinel-2,1.0259905412512005,VIIRS,1.097248973534416,True,True,True
Kragan,2020,1,2020Q1,0.2316421670656865,Sentinel-2,0.8284120909610198,VIIRS,0.8859480472032224,True,True,True
Sluke,2020,1,2020Q1,0.2180400006596713,Sentinel-2,0.9448736499362904,VIIRS,1.0104982461611935,True,True,True
Pamotan,2020,1,2020Q1,0.585336013159708,Sentinel-2,0.798445379112753,VIIRS,0.853900048226922,True,True,True
Sulang,2020,1,2020Q1,0.5367311988005405,Sentinel-2,0.8199999928474426,VIIRS,0.8769517010876557,True,True,True
Sarang,2020,1,2020Q1,0.5385431460468912,Sentinel-2,0.6521834584015593,VIIRS,0.6974797539698071,True,True,True
Sedan,2020,1,2020Q1,0.4710907616004944,Sentinel-2,0.7549999952316284,VIIRS,0.8074372389204753,True,True,True
Kaliori,2020,1,2020Q1,0.4186771632458412,Sentinel-2,1.3018181324005127,VIIRS,1.3922337020407514,True,True,True
Gunem,2020,1,2020Q1,0.4042965103483713,Sentinel-2,0.8563609548281296,VIIRS,0.915838051990441,True,True,True
Sale,2020,1,2020Q1,0.4774442067267667,Sentinel-2,0.6406579536420328,VIIRS,0.6851537648320961,True,True,True
Sumber,2020,1,2020Q1,0.5533606075496158,Sentinel-2,0.8265316767591826,VIIRS,0.8839370320234243,True,True,True
Bulu,2020,1,2020Q1,0.5628172525217817,Sentinel-2,0.5587657189206982,VIIRS,0.5975738438916517,True,True,True
Rembang,2020,2,2020Q2,0.4458378637917731,Sentinel-2,2.0706231819481413,VIIRS,2.318200782394801,True,True,True
Pancur,2020,2,2020Q2,0.6007096492244798,Sentinel-2,0.8500000238418579,VIIRS,0.951631729753881,True,True,True
Lasem,2020,2,2020Q2,0.4762559009073174,Sentinel-2,0.9685051631918036,VIIRS,1.084306138672833,True,True,True
Kragan,2020,2,2020Q2,0.5103935675485286,Sentinel-2,0.7790106178080353,VIIRS,0.8721543540323764,True,True,True
Sluke,2020,2,2020Q2,0.5643380456089993,Sentinel-2,0.9341486952566346,VIIRS,1.045841780917166,True,True,True
Pamotan,2020,2,2020Q2,0.5678138190836751,Sentinel-2,0.7805113773095687,VIIRS,0.8738345544092349,True,True,True
Sulang,2020,2,2020Q2,0.5772462737388239,Sentinel-2,0.8322464846647705,VIIRS,0.9317554583156954,True,True,True
Sarang,2020,2,2020Q2,0.4884930079569818,Sentinel-2,0.6424322434964362,VIIRS,0.7192457529176766,True,True,True
Sedan,2020,2,2020Q2,0.5308087078987864,Sentinel-2,0.6982257962226865,VIIRS,0.7817103571538221,True,True,True
Kaliori,2020,2,2020Q2,0.3971809954543004,Sentinel-2,1.2983387374191833,VIIRS,1.4535768280479,True,True,True
Gunem,2020,2,2020Q2,0.5628986696779846,Sentinel-2,0.5940797179165151,VIIRS,0.6651118749589273,True,True,True
Sale,2020,2,2020Q2,0.6089905289380602,Sentinel-2,0.5468612428369194,VIIRS,0.6122476421872158,True,True,True
Sumber,2020,2,2020Q2,0.5496885032797951,Sentinel-2,0.9808444897140652,VIIRS,1.098120837864609,True,True,True
Bulu,2020,2,2020Q2,0.6442986237039952,Sentinel-2,0.5290099315715402,VIIRS,0.5922619083738621,True,True,True
Rembang,2020,3,2020Q3,0.270095712098458,Sentinel-2,2.7981337065967904,VIIRS,2.5768783312882184,True,True,True
Pancur,2020,3,2020Q3,0.4818657004829382,Sentinel-2,1.0763669271795857,VIIRS,0.991255923412541,True,True,True
Lasem,2020,3,2020Q3,0.4291728221516345,Sentinel-2,1.1435124728825847,VIIRS,1.0530921042057109,True,True,True
Kragan,2020,3,2020Q3,0.5024586654004914,Sentinel-2,0.8480037352932033,VIIRS,0.7809499757558984,True,True,True
Sluke,2020,3,2020Q3,0.5593360836498308,Sentinel-2,1.06818180734461,VIIRS,0.9837180213130025,True,True,True
Pamotan,2020,3,2020Q3,0.3915971502629599,Sentinel-2,0.950152659689197,VIIRS,0.8750217312334381,True,True,True
Sulang,2020,3,2020Q3,0.3768389084140134,Sentinel-2,0.9841653134043776,VIIRS,0.9063449200223176,True,True,True
Sarang,2020,3,2020Q3,0.4177251862134185,Sentinel-2,0.6557321117358489,VIIRS,0.6038817465649667,True,True,True
Sedan,2020,3,2020Q3,0.4603314130848446,Sentinel-2,0.8044541323668555,VIIRS,0.7408439479944157,True,True,True
Kaliori,2020,3,2020Q3,0.2277085571549509,Sentinel-2,1.6546079784358314,VIIRS,1.5237740199318852,True,True,True
Gunem,2020,3,2020Q3,0.4103123257130464,Sentinel-2,0.876086061623257,VIIRS,0.8068117628611662,True,True,True
Sale,2020,3,2020Q3,0.4630006205841483,Sentinel-2,0.5796024301730166,VIIRS,0.5337718278271186,True,True,True
Sumber,2020,3,2020Q3,0.3918322667835119,Sentinel-2,1.168388116516565,VIIRS,1.0760007689725617,True,True,True
Bulu,2020,3,2020Q3,0.4530006875927101,Sentinel-2,0.594677547930251,VIIRS,0.5476549186167587,True,True,True
Rembang,2020,4,2020Q4,,no_data,2.0614821960632383,VIIRS,2.285686347595504,True,False,True
Pancur,2020,4,2020Q4,,no_data,0.9434447617724884,VIIRS,1.046052600314438,True,False,True
Lasem,2020,4,2020Q4,,no_data,1.0356783821984572,VIIRS,1.1483174306387238,True,False,True
Kragan,2020,4,2020Q4,,no_data,0.7978745784078328,VIIRS,0.8846503910841236,True,False,True
Sluke,2020,4,2020Q4,,no_data,0.8137197236138949,VIIRS,0.9022188338979044,True,False,True
Pamotan,2020,4,2020Q4,,no_data,0.7980550727675461,VIIRS,0.884850515778192,True,False,True
Sulang,2020,4,2020Q4,,no_data,0.8344923091944852,VIIRS,0.92525061916216,True,False,True
Sarang,2020,4,2020Q4,,no_data,0.6556102892771467,VIIRS,0.7269136208916084,True,False,True
Sedan,2020,4,2020Q4,,no_data,0.6993847826297936,VIIRS,0.7754489718250908,True,False,True
Kaliori,2020,4,2020Q4,,no_data,1.1400619924001252,VIIRS,1.264053667995665,True,False,True
Gunem,2020,4,2020Q4,,no_data,0.690884489226044,VIIRS,0.7660241974464375,True,False,True
Sale,2020,4,2020Q4,,no_data,0.5489699414628431,VIIRS,0.6086752060425904,True,False,True
Sumber,2020,4,2020Q4,,no_data,1.0833333730697632,VIIRS,1.2011553170087068,True,False,True
Bulu,2020,4,2020Q4,,no_data,0.523740894436359,VIIRS,0.5807022803188551,True,False,True
Rembang,2021,1,2021Q1,0.4336364354548566,Sentinel-2,,VIIRS,,False,True,False
Pancur,2021,1,2021Q1,0.5960560788428771,Sentinel-2,,VIIRS,,False,True,False
Lasem,2021,1,2021Q1,0.5151081855036438,Sentinel-2,,VIIRS,,False,True,False
Kragan,2021,1,2021Q1,0.530845818231728,Sentinel-2,,VIIRS,,False,True,False
Sluke,2021,1,2021Q1,0.4172680197998074,Sentinel-2,,VIIRS,,False,True,False
Pamotan,2021,1,2021Q1,0.5721914589785582,Sentinel-2,,VIIRS,,False,True,False
Sulang,2021,1,2021Q1,0.6169073271785744,Sentinel-2,,VIIRS,,False,True,False
Sarang,2021,1,2021Q1,0.530499755729353,Sentinel-2,,VIIRS,,False,True,False
Sedan,2021,1,2021Q1,0.6359201918081892,Sentinel-2,,VIIRS,,False,True,False
Kaliori,2021,1,2021Q1,0.3609844647196819,Sentinel-2,,VIIRS,,False,True,False
Gunem,2021,1,2021Q1,0.567274490281971,Sentinel-2,,VIIRS,,False,True,False
Sale,2021,1,2021Q1,0.6524798641708557,Sentinel-2,,VIIRS,,False,True,False
Sumber,2021,1,2021Q1,0.5576250002896771,Sentinel-2,,VIIRS,,False,True,False
Bulu,2021,1,2021Q1,0.689504936508574,Sentinel-2,,VIIRS,,False,True,False
Rembang,2021,2,2021Q2,0.3971769513668146,Sentinel-2,2.6673172958335787,VIIRS,2.318899904681984,True,True,True
Pancur,2021,2,2021Q2,0.645941582321705,Sentinel-2,1.1065460926843584,VIIRS,0.962003895397107,True,True,True
Lasem,2021,2,2021Q2,0.5257635170872272,Sentinel-2,1.2114286082131522,VIIRS,1.053186168928055,True,True,True
Kragan,2021,2,2021Q2,0.6038559557996613,Sentinel-2,0.9574657035724394,VIIRS,0.8323970800993624,True,True,True
Sluke,2021,2,2021Q2,0.5605415940623477,Sentinel-2,1.1011111338933308,VIIRS,0.9572788762019212,True,True,True
Pamotan,2021,2,2021Q2,0.5609978737890353,Sentinel-2,1.0109929965092586,VIIRS,0.8789323890717745,True,True,True
Sulang,2021,2,2021Q2,0.5815286544869666,Sentinel-2,1.0259999752044675,VIIRS,0.8919790864107987,True,True,True
Sarang,2021,2,2021Q2,0.5602526649493097,Sentinel-2,0.888360940719977,VIIRS,0.7723191027841189,True,True,True
Sedan,2021,2,2021Q2,0.6194141881163691,Sentinel-2,0.8903106019957838,VIIRS,0.7740140902360028,True,True,True
Kaliori,2021,2,2021Q2,0.3774357865245631,Sentinel-2,1.6978582931777175,VIIRS,1.476076146007556,True,True,True
Gunem,2021,2,2021Q2,0.5976043590287391,Sentinel-2,0.9373038499728336,VIIRS,0.8148688615918126,True,True,True
Sale,2021,2,2021Q2,0.6222654836705054,Sentinel-2,0.6693228232871427,VIIRS,0.5818927630193984,True,True,True
Sumber,2021,2,2021Q2,0.5465056745833095,Sentinel-2,1.2079586307222177,VIIRS,1.0501694560362125,True,True,True
Bulu,2021,2,2021Q2,0.6420455677024905,Sentinel-2,0.7315392371562226,VIIRS,0.6359821795338955,True,True,True
Rembang,2021,3,2021Q3,0.3176377492519517,Sentinel-2,2.9033334255218506,VIIRS,2.3996020594711323,True,True,True
Pancur,2021,3,2021Q3,0.5609692045874279,Sentinel-2,1.1682146027190994,VIIRS,0.9655281553082868,True,True,True
Lasem,2021,3,2021Q3,0.4963366896622466,Sentinel-2,1.341603595323711,VIIRS,1.1088339775353249,True,True,True
Kragan,2021,3,2021Q3,0.5396596827525982,Sentinel-2,0.909769957396386,VIIRS,0.7519239244872263,True,True,True
Sluke,2021,3,2021Q3,0.6032691365995063,Sentinel-2,1.1885900811800445,VIIRS,0.9823684670850182,True,True,True
Pamotan,2021,3,2021Q3,0.4814215672757946,Sentinel-2,1.0487505276924871,VIIRS,0.8667912214285185,True,True,True
Sulang,2021,3,2021Q3,0.4794722654324884,Sentinel-2,1.0900000333786013,VIIRS,0.9008838950175928,True,True,True
Sarang,2021,3,2021Q3,0.4240347595536641,Sentinel-2,0.8280204467735998,VIIRS,0.684358038899719,True,True,True
Sedan,2021,3,2021Q3,0.5165563631870727,Sentinel-2,0.9482089005307424,VIIRS,0.7836936710476016,True,True,True
Kaliori,2021,3,2021Q3,0.3079246530365052,Sentinel-2,1.850000023841858,VIIRS,1.5290230974537982,True,True,True
Gunem,2021,3,2021Q3,0.4546072299586337,Sentinel-2,0.9360935065775948,VIIRS,0.773680310533884,True,True,True
Sale,2021,3,2021Q3,0.5187003457502909,Sentinel-2,0.6710164615856343,VIIRS,0.5545944082776179,True,True,True
Sumber,2021,3,2021Q3,0.5040395638025266,Sentinel-2,1.345787820619755,VIIRS,1.1122922353948654,True,True,True
Bulu,2021,3,2021Q3,0.5530429338391823,Sentinel-2,0.7095308836066772,VIIRS,0.5864265380594128,True,True,True
Rembang,2021,4,2021Q4,0.2613897051006681,Sentinel-2,2.090009727702641,VIIRS,2.415807426113636,True,True,True
Pancur,2021,4,2021Q4,0.4760448562863705,Sentinel-2,1.0700000524520872,VIIRS,1.2367952351576346,True,True,True
Lasem,2021,4,2021Q4,0.3609141472718691,Sentinel-2,0.901947795985693,VIIRS,1.0425464315442046,True,True,True
Kragan,2021,4,2021Q4,0.4897090471935791,Sentinel-2,0.8557393532199671,VIIRS,0.9891348623524704,True,True,True
Sluke,2021,4,2021Q4,0.5323882749197484,Sentinel-2,0.6982313522336415,VIIRS,0.8070739879883407,True,True,True
Pamotan,2021,4,2021Q4,0.375035257662639,Sentinel-2,0.7692482022840356,VIIRS,0.8891611818692631,True,True,True
Sulang,2021,4,2021Q4,0.3530969155746965,Sentinel-2,0.0,VIIRS,0.0,True,True,True
Sarang,2021,4,2021Q4,0.391717036820974,Sentinel-2,0.6650000214576721,VIIRS,0.7686624463557233,True,True,True
Sedan,2021,4,2021Q4,0.4545718142781915,Sentinel-2,0.7684727504908001,VIIRS,0.8882648500599607,True,True,True
Kaliori,2021,4,2021Q4,0.2013452734651571,Sentinel-2,1.521602945741217,VIIRS,1.7587954961140777,True,True,True
Gunem,2021,4,2021Q4,0.4154594280736242,Sentinel-2,0.5954517701149252,VIIRS,0.6882727812551166,True,True,True
Sale,2021,4,2021Q4,0.5189487710242587,Sentinel-2,0.5467469298523638,VIIRS,0.6319756677850712,True,True,True
Sumber,2021,4,2021Q4,0.3810638867286682,Sentinel-2,1.1158493335313129,VIIRS,1.289791655339332,True,True,True
Bulu,2021,4,2021Q4,0.4585188059848574,Sentinel-2,0.5136487023985904,VIIRS,0.5937179780651695,True,True,True
Rembang,2022,1,2022Q1,0.4129836199758474,Sentinel-2,2.2799999713897705,VIIRS,3.891105112482115,True,True,True
Pancur,2022,1,2022Q1,0.5864294453101975,Sentinel-2,0.6140350981762535,VIIRS,1.047927692867776,True,True,True
Lasem,2022,1,2022Q1,0.4447883324807801,Sentinel-2,1.0355327529985396,VIIRS,1.7672661578496436,True,True,True
Kragan,2022,1,2022Q1,0.5907465063469289,Sentinel-2,0.0,VIIRS,0.0,True,True,True
Sluke,2022,1,2022Q1,0.4991734075681981,Sentinel-2,0.9366184205285384,VIIRS,1.5984564781998798,True,True,True
Pamotan,2022,1,2022Q1,0.5733636057366821,Sentinel-2,0.6170000076293946,VIIRS,1.052987681673009,True,True,True
Sulang,2022,1,2022Q1,0.5431523955865579,Sentinel-2,0.7020984409826074,VIIRS,1.1982188015151145,True,True,True
Sarang,2022,1,2022Q1,0.5662497260872538,Sentinel-2,0.3254370276248993,VIIRS,0.5553989902948779,True,True,True
Sedan,2022,1,2022Q1,0.640412878561719,Sentinel-2,0.0,VIIRS,0.0,True,True,True
Kaliori,2022,1,2022Q1,0.4130854585373764,Sentinel-2,1.137999987602234,VIIRS,1.9421393093546877,True,True,True
Gunem,2022,1,2022Q1,0.4823939129647093,Sentinel-2,0.0,VIIRS,0.0,True,True,True
Sale,2022,1,2022Q1,0.6288921555554309,Sentinel-2,0.0,VIIRS,0.0,True,True,True
Sumber,2022,1,2022Q1,0.5576126315842348,Sentinel-2,0.5546032294879949,VIIRS,0.9464997757628968,True,True,True
Bulu,2022,1,2022Q1,0.5622076987688237,Sentinel-2,0.0,VIIRS,0.0,True,True,True
Rembang,2022,2,2022Q2,0.4529654681301053,Sentinel-2,2.836290403536939,VIIRS,2.2319121446207646,True,True,True
Pancur,2022,2,2022Q2,0.6522992237850124,Sentinel-2,1.334036736313356,VIIRS,1.0497700762358662,True,True,True
Lasem,2022,2,2022Q2,0.5509663729694921,Sentinel-2,1.4169889992855964,VIIRS,1.1150462422168392,True,True,True
Kragan,2022,2,2022Q2,0.4929529495526781,Sentinel-2,1.0911030802221533,VIIRS,0.8586025650773008,True,True,True
Sluke,2022,2,2022Q2,0.5387059082887663,Sentinel-2,1.189386880325134,VIIRS,0.9359433080406352,True,True,True
Pamotan,2022,2,2022Q2,0.590278661966415,Sentinel-2,1.200075441717366,VIIRS,0.9443542697496684,True,True,True
Sulang,2022,2,2022Q2,0.5799164634683666,Sentinel-2,1.1724258307819415,VIIRS,0.9225964475027444,True,True,True
Sarang,2022,2,2022Q2,0.5505859877847529,Sentinel-2,1.017572325611492,VIIRS,0.8007403010390315,True,True,True
Sedan,2022,2,2022Q2,0.517862463304242,Sentinel-2,1.0521805294530762,VIIRS,0.8279739264679433,True,True,True
Kaliori,2022,2,2022Q2,0.3361520757595816,Sentinel-2,1.774461380945664,VIIRS,1.3963456990702965,True,True,True
Gunem,2022,2,2022Q2,0.5544009076100168,Sentinel-2,0.9262053783534236,VIIRS,0.7288425154850874,True,True,True
Sale,2022,2,2022Q2,0.5530339971706367,Sentinel-2,0.7266603996168893,VIIRS,0.5718180934143512,True,True,True
Sumber,2022,2,2022Q2,0.5563170907036413,Sentinel-2,1.276653517888287,VIIRS,1.0046145089707423,True,True,True
Bulu,2022,2,2022Q2,0.6245624509163541,Sentinel-2,0.7770113760392772,VIIRS,0.6114399021087293,True,True,True
Rembang,2022,3,2022Q3,0.4706528772355643,Sentinel-2,3.083189335706175,VIIRS,2.523300667524933,True,True,True
Pancur,2022,3,2022Q3,0.628217186151199,Sentinel-2,1.1472442969679832,VIIRS,0.938911622075408,True,True,True
Lasem,2022,3,2022Q3,0.5708724015626356,Sentinel-2,1.3172855113964377,VIIRS,1.0780743730959503,True,True,True
Kragan,2022,3,2022Q3,0.6267114436449644,Sentinel-2,1.0254304842221535,VIIRS,0.8392184662073437,True,True,True
Sluke,2022,3,2022Q3,0.6752441801010693,Sentinel-2,1.1875,VIIRS,0.9718571311805464,True,True,True
Pamotan,2022,3,2022Q3,0.586027571280872,Sentinel-2,1.1133333444595337,VIIRS,0.9111586949002826,True,True,True
Sulang,2022,3,2022Q3,0.5667589846568793,Sentinel-2,1.1439260789483578,VIIRS,0.9361959725215684,True,True,True
Sarang,2022,3,2022Q3,0.5500064567539763,Sentinel-2,0.8408775055476793,VIIRS,0.6881792001817445,True,True,True
Sedan,2022,3,2022Q3,0.6175011896866562,Sentinel-2,0.9533867712507194,VIIRS,0.7802574588742804,True,True,True
Kaliori,2022,3,2022Q3,0.3876145763712581,Sentinel-2,1.8947709996001167,VIIRS,1.5506919645603925,True,True,True
Gunem,2022,3,2022Q3,0.5737438727089417,Sentinel-2,0.799665822943703,VIIRS,0.6544513116540615,True,True,True
Sale,2022,3,2022Q3,0.6043240756528724,Sentinel-2,0.6710633782849857,VIIRS,0.5492022986613659,True,True,True
Sumber,2022,3,2022Q3,0.5401578326625551,Sentinel-2,1.2252200850444783,VIIRS,1.0027274752977784,True,True,True
Bulu,2022,3,2022Q3,0.5967832311864846,Sentinel-2,0.7035302277875526,VIIRS,0.5757733632643429,True,True,True
Rembang,2022,4,2022Q4,0.5276532607540642,Sentinel-2,,VIIRS,,False,True,False
Pancur,2022,4,2022Q4,0.6748674899345039,Sentinel-2,,VIIRS,,False,True,False
Lasem,2022,4,2022Q4,0.6090183116557643,Sentinel-2,,VIIRS,,False,True,False
Kragan,2022,4,2022Q4,0.6504133801473814,Sentinel-2,,VIIRS,,False,True,False
Sluke,2022,4,2022Q4,0.6056911507795889,Sentinel-2,,VIIRS,,False,True,False
Pamotan,2022,4,2022Q4,0.6277839381784528,Sentinel-2,,VIIRS,,False,True,False
Sulang,2022,4,2022Q4,0.6364661645626043,Sentinel-2,,VIIRS,,False,True,False
Sarang,2022,4,2022Q4,0.5845376023152759,Sentinel-2,,VIIRS,,False,True,False
Sedan,2022,4,2022Q4,0.6789145178684866,Sentinel-2,,VIIRS,,False,True,False
Kaliori,2022,4,2022Q4,0.3890264453114755,Sentinel-2,,VIIRS,,False,True,False
Gunem,2022,4,2022Q4,0.646588194856179,Sentinel-2,,VIIRS,,False,True,False
Sale,2022,4,2022Q4,0.6290488333497682,Sentinel-2,,VIIRS,,False,True,False
Sumber,2022,4,2022Q4,0.594392695949,Sentinel-2,,VIIRS,,False,True,False
Bulu,2022,4,2022Q4,0.6970988203898096,Sentinel-2,,VIIRS,,False,True,False
Rembang,2023,1,2023Q1,0.370581941973554,Sentinel-2,,VIIRS,,False,True,False
Pancur,2023,1,2023Q1,0.1870862640312287,Sentinel-2,,VIIRS,,False,True,False
Lasem,2023,1,2023Q1,0.2323125302921824,Sentinel-2,,VIIRS,,False,True,False
Kragan,2023,1,2023Q1,0.4794405702737375,Sentinel-2,,VIIRS,,False,True,False
Sluke,2023,1,2023Q1,0.3878881480147322,Sentinel-2,,VIIRS,,False,True,False
Pamotan,2023,1,2023Q1,0.2911687108592216,Sentinel-2,,VIIRS,,False,True,False
Sulang,2023,1,2023Q1,0.5007383527336563,Sentinel-2,,VIIRS,,False,True,False
Sarang,2023,1,2023Q1,0.4287606399603843,Sentinel-2,,VIIRS,,False,True,False
Sedan,2023,1,2023Q1,0.4305604577679868,Sentinel-2,,VIIRS,,False,True,False
Kaliori,2023,1,2023Q1,0.3118079442649902,Sentinel-2,,VIIRS,,False,True,False
Gunem,2023,1,2023Q1,0.1959147782927968,Sentinel-2,,VIIRS,,False,True,False
Sale,2023,1,2023Q1,0.3448892240084251,Sentinel-2,,VIIRS,,False,True,False
Sumber,2023,1,2023Q1,0.4971457124099496,Sentinel-2,,VIIRS,,False,True,False
Bulu,2023,1,2023Q1,0.2622439141653144,Sentinel-2,,VIIRS,,False,True,False
Rembang,2023,2,2023Q2,0.4263061384860884,Sentinel-2,3.421454734856296,VIIRS,2.4087890253888165,True,True,True
Pancur,2023,2,2023Q2,0.6213276228779161,Sentinel-2,1.519396663251506,VIIRS,1.069692949717289,True,True,True
Lasem,2023,2,2023Q2,0.5407803566470243,Sentinel-2,1.5959227745113456,VIIRS,1.1235692307858232,True,True,True
Kragan,2023,2,2023Q2,0.5902647267119058,Sentinel-2,1.2127273082733154,VIIRS,0.8537901148298476,True,True,True
Sluke,2023,2,2023Q2,0.6068181592089934,Sentinel-2,1.2899999618530271,VIIRS,0.9081919802145432,True,True,True
Pamotan,2023,2,2023Q2,0.5490676842547186,Sentinel-2,1.346588678011491,VIIRS,0.9480318404513836,True,True,True
Sulang,2023,2,2023Q2,0.5604614845502267,Sentinel-2,1.2681225194421903,VIIRS,0.89278971794115,True,True,True
Sarang,2023,2,2023Q2,0.5413846106019933,Sentinel-2,1.0492522607216468,VIIRS,0.7386996252624287,True,True,True
Sedan,2023,2,2023Q2,0.5901300224910352,Sentinel-2,1.114087967903583,VIIRS,0.78434557180152,True,True,True
Kaliori,2023,2,2023Q2,0.3565478341829798,Sentinel-2,2.0720030735162704,VIIRS,1.4587415736387106,True,True,True
Gunem,2023,2,2023Q2,0.5789170825190495,Sentinel-2,1.0499081603085143,VIIRS,0.7391613948455561,True,True,True
Sale,2023,2,2023Q2,0.6187070090693738,Sentinel-2,0.7630429844241187,VIIRS,0.5372011934151585,True,True,True
Sumber,2023,2,2023Q2,0.5049143623930035,Sentinel-2,1.388327260017395,VIIRS,0.977416837788002,True,True,True
Bulu,2023,2,2023Q2,0.6383232230271122,Sentinel-2,0.794828441602995,VIIRS,0.5595789439197723,True,True,True
Rembang,2023,3,2023Q3,0.3225478896360305,Sentinel-2,3.6875000596046448,VIIRS,2.4721521606951837,True,True,True
Pancur,2023,3,2023Q3,0.5140340943229051,Sentinel-2,1.6130537466484158,VIIRS,1.0814140313591982,True,True,True
Lasem,2023,3,2023Q3,0.442465855871743,Sentinel-2,1.6735890914898106,VIIRS,1.1219977821738698,True,True,True
Kragan,2023,3,2023Q3,0.4986172638069782,Sentinel-2,1.2019065879215705,VIIRS,0.8057751648152254,True,True,True
Sluke,2023,3,2023Q3,0.4947468266550283,Sentinel-2,1.304444432258606,VIIRS,0.8745179849734457,True,True,True
Pamotan,2023,3,2023Q3,0.4089454044334774,Sentinel-2,1.403386710801016,VIIRS,0.940850287001652,True,True,True
Sulang,2023,3,2023Q3,0.4284707645062297,Sentinel-2,1.3619642981461115,VIIRS,0.9130801160753336,True,True,True
Sarang,2023,3,2023Q3,0.4077377236372312,Sentinel-2,1.0309054977704104,VIIRS,0.6911336169738007,True,True,True
Sedan,2023,3,2023Q3,0.4681919469303268,Sentinel-2,1.1703411545814058,VIIRS,0.784613252144359,True,True,True
Kaliori,2023,3,2023Q3,0.3022679396527669,Sentinel-2,2.2826305235356354,VIIRS,1.530307766674969,True,True,True
Gunem,2023,3,2023Q3,0.4243372195635263,Sentinel-2,1.0292310755114054,VIIRS,0.6900110606243482,True,True,True
Sale,2023,3,2023Q3,0.4840873242112455,Sentinel-2,0.8015653017935274,VIIRS,0.537380707996412,True,True,True
Sumber,2023,3,2023Q3,0.4348280776700525,Sentinel-2,1.5199999809265137,VIIRS,1.019029471556672,True,True,True
Bulu,2023,3,2023Q3,0.4928980424460158,Sentinel-2,0.802096151190696,VIIRS,0.5377365969355311,True,True,True
Rembang,2023,4,2023Q4,0.2549298689511234,Sentinel-2,3.69081575309158,VIIRS,2.445406989467384,True,True,True
Pancur,2023,4,2023Q4,0.4415804770646054,Sentinel-2,1.5864469821046785,VIIRS,1.051124953936967,True,True,True
Lasem,2023,4,2023Q4,0.3845275413036275,Sentinel-2,1.592466434188511,VIIRS,1.0551132348979546,True,True,True
Kragan,2023,4,2023Q4,0.4226687028407349,Sentinel-2,1.2742300005840277,VIIRS,0.8442607699956602,True,True,True
Sluke,2023,4,2023Q4,0.5269708591546657,Sentinel-2,1.399999976158142,VIIRS,0.927591610088791,True,True,True
Pamotan,2023,4,2023Q4,0.3160063693561096,Sentinel-2,1.4610613921798568,VIIRS,0.968048794493404,True,True,True
Sulang,2023,4,2023Q4,0.3056300232278814,Sentinel-2,1.3901321177010064,VIIRS,0.9210535080386028,True,True,True
Sarang,2023,4,2023Q4,0.3246173302905752,Sentinel-2,1.1050172349941068,VIIRS,0.7321462383141243,True,True,True
Sedan,2023,4,2023Q4,0.3831291655845242,Sentinel-2,1.2007851709019055,VIIRS,0.7955987635829965,True,True,True
Kaliori,2023,4,2023Q4,0.2057188922424434,Sentinel-2,2.218538699068612,VIIRS,1.4699270849708126,True,True,True
Gunem,2023,4,2023Q4,0.3073279287670703,Sentinel-2,1.0652924124658034,VIIRS,0.7058259435162348,True,True,True
Sale,2023,4,2023Q4,0.4023210275174689,Sentinel-2,0.7986674348603289,VIIRS,0.5291694460313998,True,True,True
Sumber,2023,4,2023Q4,0.2888499393872119,Sentinel-2,1.5158379737225325,VIIRS,1.0043418647317073,True,True,True
Bulu,2023,4,2023Q4,0.3586903188062793,Sentinel-2,0.8306965000593841,VIIRS,0.550390797933962,True,True,True
Rembang,2024,1,2024Q1,0.5695884268068864,Sentinel-2,1.7845827965234755,VIIRS,1.977597601975607,True,True,True
Pancur,2024,1,2024Q1,0.6553849065236829,Sentinel-2,1.1408301253885145,VIIRS,1.26421868720518,True,True,True
Lasem,2024,1,2024Q1,0.5650088085175126,Sentinel-2,1.2175163424186155,VIIRS,1.349199041828538,True,True,True
Kragan,2024,1,2024Q1,0.4969939486510042,Sentinel-2,0.9617779083729312,VIIRS,1.0658007512661816,True,True,True
Sluke,2024,1,2024Q1,0.6596287560640317,Sentinel-2,1.028481125831604,VIIRS,1.1397183768015755,True,True,True
Pamotan,2024,1,2024Q1,0.5905551303374885,Sentinel-2,1.103117654332945,VIIRS,1.2224273550969935,True,True,True
Sulang,2024,1,2024Q1,0.6837158106656079,Sentinel-2,0.9462365508079528,VIIRS,1.0485784898436126,True,True,True
Sarang,2024,1,2024Q1,0.4154612387981884,Sentinel-2,0.7961754898230234,VIIRS,0.882287301263387,True,True,True
Sedan,2024,1,2024Q1,0.5300873504816955,Sentinel-2,0.9061929960027508,VIIRS,1.004203951373548,True,True,True
Kaliori,2024,1,2024Q1,0.4568748715844785,Sentinel-2,0.0,VIIRS,0.0,True,True,True
Gunem,2024,1,2024Q1,0.565715457317692,Sentinel-2,0.8110034104132752,VIIRS,0.8987189626347123,True,True,True
Sale,2024,1,2024Q1,0.6084677724734137,Sentinel-2,0.6714782530714752,VIIRS,0.7441032075619086,True,True,True
Sumber,2024,1,2024Q1,0.6225748754928097,Sentinel-2,0.6146448186186494,VIIRS,0.6811228494048653,True,True,True
Bulu,2024,1,2024Q1,0.6994050000756122,Sentinel-2,0.6515534704396442,VIIRS,0.7220234237438895,True,True,True
Rembang,2024,2,2024Q2,0.4327046158072951,Sentinel-2,3.4364945832552487,VIIRS,2.435267584428206,True,True,True
Pancur,2024,2,2024Q2,0.6615505867469319,Sentinel-2,1.4226785259587422,VIIRS,1.008179356432319,True,True,True
Lasem,2024,2,2024Q2,0.5483584293891727,Sentinel-2,1.5535996178315707,VIIRS,1.100956424293673,True,True,True
Kragan,2024,2,2024Q2,0.6218513633190377,Sentinel-2,1.1602446587234143,VIIRS,0.822205924945359,True,True,True
Sluke,2024,2,2024Q2,0.6324870009490111,Sentinel-2,1.2846084190420357,VIIRS,0.9103361480096572,True,True,True
Pamotan,2024,2,2024Q2,0.6083368349141606,Sentinel-2,1.3460363688599633,VIIRS,0.9538669877491972,True,True,True
Sulang,2024,2,2024Q2,0.5674966573313137,Sentinel-2,1.2626549228968833,VIIRS,0.894778830449006,True,True,True
Sarang,2024,2,2024Q2,0.5644822462406215,Sentinel-2,1.030789849624382,VIIRS,0.7304679365360813,True,True,True
Sedan,2024,2,2024Q2,0.6463040418667937,Sentinel-2,1.1114324663551698,VIIRS,0.7876152259294279,True,True,True
Kaliori,2024,2,2024Q2,0.4088962249578671,Sentinel-2,2.1664121578684075,VIIRS,1.5352252636378534,True,True,True
Gunem,2024,2,2024Q2,0.6388179352019251,Sentinel-2,0.9384524917633364,VIIRS,0.665033183480907,True,True,True
Sale,2024,2,2024Q2,0.699374612813201,Sentinel-2,0.76477790205446,VIIRS,0.5419589028992517,True,True,True
Sumber,2024,2,2024Q2,0.5324849520405438,Sentinel-2,1.5139660883758026,VIIRS,1.0728701732603056,True,True,True
Bulu,2024,2,2024Q2,0.6354489715235278,Sentinel-2,0.7637606915501239,VIIRS,0.5412380579487549,True,True,True
Rembang,2024,3,2024Q3,0.2887763534292433,Sentinel-2,3.570718802903828,VIIRS,2.32637633728108,True,True,True
Pancur,2024,3,2024Q3,0.4810654994945485,Sentinel-2,1.6344894275698862,VIIRS,1.0648941397296283,True,True,True
Lasem,2024,3,2024Q3,0.4091827615515402,Sentinel-2,1.673544376185446,VIIRS,1.0903390188500677,True,True,True
Kragan,2024,3,2024Q3,0.4311061966778045,Sentinel-2,1.2090524359291617,VIIRS,0.7877156205048292,True,True,True
Sluke,2024,3,2024Q3,0.4763564502586496,Sentinel-2,1.2953456140333606,VIIRS,0.8439369077837754,True,True,True
Pamotan,2024,3,2024Q3,0.3968323921512152,Sentinel-2,1.470982560424305,VIIRS,0.9583669871571254,True,True,True
Sulang,2024,3,2024Q3,0.376923616314774,Sentinel-2,1.4520761326603266,VIIRS,0.9460491686448236,True,True,True
Sarang,2024,3,2024Q3,0.3345830459417021,Sentinel-2,1.0954106409792197,VIIRS,0.7136763031318971,True,True,True
Sedan,2024,3,2024Q3,0.4296698268016521,Sentinel-2,1.196224806984395,VIIRS,0.7793582297138608,True,True,True
Kaliori,2024,3,2024Q3,0.226841270576617,Sentinel-2,2.349278975087543,VIIRS,1.530590146967338,True,True,True
Gunem,2024,3,2024Q3,0.4058911207525282,Sentinel-2,1.0565145168847183,VIIRS,0.6883349005460061,True,True,True
Sale,2024,3,2024Q3,0.4492373760115476,Sentinel-2,0.8556894123554231,VIIRS,0.5574943620166172,True,True,True
Sumber,2024,3,2024Q3,0.3634882435682849,Sentinel-2,1.7400000095367432,VIIRS,1.1336358510682076,True,True,True
Bulu,2024,3,2024Q3,0.4241969698895959,Sentinel-2,0.8890542151313816,VIIRS,0.5792320266047437,True,True,True
Rembang,2024,4,2024Q4,0.2091797104440784,Sentinel-2,,VIIRS,,False,True,False
Pancur,2024,4,2024Q4,0.4095068114344582,Sentinel-2,,VIIRS,,False,True,False
Lasem,2024,4,2024Q4,0.281481609150584,Sentinel-2,,VIIRS,,False,True,False
Kragan,2024,4,2024Q4,0.2761150741081229,Sentinel-2,,VIIRS,,False,True,False
Sluke,2024,4,2024Q4,0.2561327838123646,Sentinel-2,,VIIRS,,False,True,False
Pamotan,2024,4,2024Q4,0.2942701495437111,Sentinel-2,,VIIRS,,False,True,False
Sulang,2024,4,2024Q4,0.3427313485474311,Sentinel-2,,VIIRS,,False,True,False
Sarang,2024,4,2024Q4,0.2203193056901669,Sentinel-2,,VIIRS,,False,True,False
Sedan,2024,4,2024Q4,0.3119022470560558,Sentinel-2,,VIIRS,,False,True,False
Kaliori,2024,4,2024Q4,0.1664825165722654,Sentinel-2,,VIIRS,,False,True,False
Gunem,2024,4,2024Q4,0.4116842723245437,Sentinel-2,,VIIRS,,False,True,False
Sale,2024,4,2024Q4,0.3913632661955738,Sentinel-2,,VIIRS,,False,True,False
Sumber,2024,4,2024Q4,0.3540425986029392,Sentinel-2,,VIIRS,,False,True,False
Bulu,2024,4,2024Q4,0.480946545356457,Sentinel-2,,VIIRS,,False,True,False
Rembang,2025,1,2025Q1,0.4997749833862119,Sentinel-2,,VIIRS,,False,True,False
Pancur,2025,1,2025Q1,0.4074016859036781,Sentinel-2,,VIIRS,,False,True,False
Lasem,2025,1,2025Q1,0.5914308842118216,Sentinel-2,,VIIRS,,False,True,False
Kragan,2025,1,2025Q1,0.3590608762585888,Sentinel-2,,VIIRS,,False,True,False
Sluke,2025,1,2025Q1,0.6825897750143457,Sentinel-2,,VIIRS,,False,True,False
Pamotan,2025,1,2025Q1,0.5620390860076345,Sentinel-2,,VIIRS,,False,True,False
Sulang,2025,1,2025Q1,0.3564974221601265,Sentinel-2,,VIIRS,,False,True,False
Sarang,2025,1,2025Q1,0.6353328354312111,Sentinel-2,,VIIRS,,False,True,False
Sedan,2025,1,2025Q1,0.2870119695620401,Sentinel-2,,VIIRS,,False,True,False
Kaliori,2025,1,2025Q1,0.3617885601413074,Sentinel-2,,VIIRS,,False,True,False
Gunem,2025,1,2025Q1,0.5406061804402474,Sentinel-2,,VIIRS,,False,True,False
Sale,2025,1,2025Q1,0.4884677529504185,Sentinel-2,,VIIRS,,False,True,False
Sumber,2025,1,2025Q1,0.4912458034788653,Sentinel-2,,VIIRS,,False,True,False
Bulu,2025,1,2025Q1,0.4773435981089984,Sentinel-2,,VIIRS,,False,True,False
Rembang,2025,2,2025Q2,0.4840707545726293,Sentinel-2,3.557499945163727,VIIRS,2.423322061142888,True,True,True
Pancur,2025,2,2025Q2,0.6698493197469864,Sentinel-2,1.526205172141393,VIIRS,1.0396308420211096,True,True,True
Lasem,2025,2,2025Q2,0.5301133170922689,Sentinel-2,1.684532679722086,VIIRS,1.147481452820881,True,True,True
Kragan,2025,2,2025Q2,0.6108248212698387,Sentinel-2,1.2148845948217577,VIIRS,0.8275633691510035,True,True,True
Sluke,2025,2,2025Q2,0.6370566200231386,Sentinel-2,1.2988939977461291,VIIRS,0.8847894668567342,True,True,True
Pamotan,2025,2,2025Q2,0.6191347977174271,Sentinel-2,1.3998250994776271,VIIRS,0.9535424026969452,True,True,True
Sulang,2025,2,2025Q2,0.5327213385899473,Sentinel-2,1.2652217218981616,VIIRS,0.8618523564789256,True,True,True
Sarang,2025,2,2025Q2,0.5617732672644057,Sentinel-2,1.0273838011807588,VIIRS,0.6998403005028264,True,True,True
Sedan,2025,2,2025Q2,0.5845134850346135,Sentinel-2,1.1710064334541517,VIIRS,0.7976741441099574,True,True,True
Kaliori,2025,2,2025Q2,0.4300703645092442,Sentinel-2,2.105901903458321,VIIRS,1.4345126127664578,True,True,True
Gunem,2025,2,2025Q2,0.5547748356440171,Sentinel-2,1.0560367234602892,VIIRS,0.7193582934041596,True,True,True
Sale,2025,2,2025Q2,0.6529322453371944,Sentinel-2,0.8299999833106995,VIIRS,0.5653850460460029,True,True,True
Sumber,2025,2,2025Q2,0.5334532771867586,Sentinel-2,1.5549703617773112,VIIRS,1.0592253099654994,True,True,True
Bulu,2025,2,2025Q2,0.6154306545837545,Sentinel-2,0.8600024664852185,VIIRS,0.5858223420366102,True,True,True
Rembang,2025,3,2025Q3,0.4023933305010073,Sentinel-2,3.683823823928833,VIIRS,2.4860076803463733,True,True,True
Pancur,2025,3,2025Q3,0.5612384036593789,Sentinel-2,1.5800000429153442,VIIRS,1.066254096116359,True,True,True
Lasem,2025,3,2025Q3,0.5144224573803012,Sentinel-2,1.798443932609646,VIIRS,1.2136697200605022,True,True,True
Kragan,2025,3,2025Q3,0.5984528973441862,Sentinel-2,1.2153529587833,VIIRS,0.8201740729947955,True,True,True
Sluke,2025,3,2025Q3,0.6080739218922767,Sentinel-2,1.336666703224182,VIIRS,0.9020419675592986,True,True,True
Pamotan,2025,3,2025Q3,0.5140520318730774,Sentinel-2,1.389999985694885,VIIRS,0.9380336317043132,True,True,True
Sulang,2025,3,2025Q3,0.5393670256591321,Sentinel-2,1.299730289652106,VIIRS,0.8771156376875568,True,True,True
Sarang,2025,3,2025Q3,0.544819733638926,Sentinel-2,1.0947653008827969,VIIRS,0.7387961738269923,True,True,True
Sedan,2025,3,2025Q3,0.5663089698215765,Sentinel-2,1.114136058027008,VIIRS,0.7518684197693278,True,True,True
Kaliori,2025,3,2025Q3,0.3590501402106404,Sentinel-2,2.211145723051533,VIIRS,1.4921791900484054,True,True,True
Gunem,2025,3,2025Q3,0.5399297423634749,Sentinel-2,0.9332783004359294,VIIRS,0.6298175845743574,True,True,True
Sale,2025,3,2025Q3,0.5628498603461042,Sentinel-2,0.7615406533696808,VIIRS,0.5139214044047065,True,True,True
Sumber,2025,3,2025Q3,0.5075834603540236,Sentinel-2,1.5499999523162844,VIIRS,1.0460087045870727,True,True,True
Bulu,2025,3,2025Q3,0.5873483565278672,Sentinel-2,0.7766408938489737,VIIRS,0.5241117163199389,True,True,True
Rembang,2025,4,2025Q4,0.2914075064625941,Sentinel-2,2.8007329114678856,VIIRS,3.0736791124244625,True,True,True
Pancur,2025,4,2025Q4,0.5142219643518823,Sentinel-2,0.0,VIIRS,0.0,True,True,True
Lasem,2025,4,2025Q4,0.5083639844207326,Sentinel-2,1.1100390767678618,VIIRS,1.2182182421843668,True,True,True
Kragan,2025,4,2025Q4,0.5968339370030933,Sentinel-2,0.7718394007849168,VIIRS,0.8470592231857716,True,True,True
Sluke,2025,4,2025Q4,0.6178980531099,Sentinel-2,0.7858536715914564,VIIRS,0.8624392586320452,True,True,True
Pamotan,2025,4,2025Q4,0.392808376768497,Sentinel-2,0.8594448221500678,VIIRS,0.9432022551338204,True,True,True
Sulang,2025,4,2025Q4,0.4020945901825954,Sentinel-2,0.8831818103790282,VIIRS,0.9692525381195628,True,True,True
Sarang,2025,4,2025Q4,0.4668540175337038,Sentinel-2,0.6512493818521853,VIIRS,0.7147170705860995,True,True,True
Sedan,2025,4,2025Q4,0.4728194534700182,Sentinel-2,0.5549967370444923,VIIRS,0.6090840976418997,True,True,True
Kaliori,2025,4,2025Q4,0.2454014564903593,Sentinel-2,1.5211882796104477,VIIRS,1.6694361043706216,True,True,True
Gunem,2025,4,2025Q4,0.4552104361998025,Sentinel-2,0.7687437007175617,VIIRS,0.8436618308116545,True,True,True
Sale,2025,4,2025Q4,0.4164517719143274,Sentinel-2,0.6375194861954372,VIIRS,0.6996491241485379,True,True,True
Sumber,2025,4,2025Q4,0.3430191955535243,Sentinel-2,0.8645000100135802,VIIRS,0.9487500977295346,True,True,True
Bulu,2025,4,2025Q4,0.4678320984383461,Sentinel-2,0.5474947888696683,VIIRS,0.6008510450316235,True,True,True
Rembang,2026,1,2026Q1,0.3980912779792349,Sentinel-2,,VIIRS,,False,True,False
Pancur,2026,1,2026Q1,0.5300321525340388,Sentinel-2,,VIIRS,,False,True,False
Lasem,2026,1,2026Q1,0.5175550437924186,Sentinel-2,,VIIRS,,False,True,False
Kragan,2026,1,2026Q1,0.4383374475097666,Sentinel-2,,VIIRS,,False,True,False
Sluke,2026,1,2026Q1,0.6465215873658499,Sentinel-2,,VIIRS,,False,True,False
Pamotan,2026,1,2026Q1,0.4909417632591749,Sentinel-2,,VIIRS,,False,True,False
Sulang,2026,1,2026Q1,0.4473157326674187,Sentinel-2,,VIIRS,,False,True,False
Sarang,2026,1,2026Q1,0.4668930594150195,Sentinel-2,,VIIRS,,False,True,False
Sedan,2026,1,2026Q1,0.4919053434121115,Sentinel-2,,VIIRS,,False,True,False
Kaliori,2026,1,2026Q1,0.3057532287580971,Sentinel-2,,VIIRS,,False,True,False
Gunem,2026,1,2026Q1,0.5201552502266612,Sentinel-2,,VIIRS,,False,True,False
Sale,2026,1,2026Q1,0.567371042821123,Sentinel-2,,VIIRS,,False,True,False
Sumber,2026,1,2026Q1,0.431067758692964,Sentinel-2,,VIIRS,,False,True,False
Bulu,2026,1,2026Q1,0.5304391563093176,Sentinel-2,,VIIRS,,False,True,False
Rembang,2026,2,2026Q2,0.5111182580992094,Sentinel-2,4.331113521134137,VIIRS,2.440426058820626,True,True,True
Pancur,2026,2,2026Q2,0.7009637204479875,Sentinel-2,1.952487850189209,VIIRS,1.1001563930110705,True,True,True
Lasem,2026,2,2026Q2,0.6194841967487438,Sentinel-2,1.9185560478757848,VIIRS,1.0810370477931812,True,True,True
Kragan,2026,2,2026Q2,0.583427310734804,Sentinel-2,1.5250702337023805,VIIRS,0.8593220015356149,True,True,True
Sluke,2026,2,2026Q2,0.6382296723207043,Sentinel-2,1.535958761269619,VIIRS,0.8654572936002565,True,True,True
Pamotan,2026,2,2026Q2,0.6458554850643605,Sentinel-2,1.7038999122122058,VIIRS,0.9600860672652088,True,True,True
Sulang,2026,2,2026Q2,0.5600959710338996,Sentinel-2,1.5964206541512689,VIIRS,0.8995253867670596,True,True,True
Sarang,2026,2,2026Q2,0.5694908702413889,Sentinel-2,1.301263941239524,VIIRS,0.7332152380926279,True,True,True
Sedan,2026,2,2026Q2,0.6266043135726214,Sentinel-2,1.4210296350851122,VIIRS,0.8006988814530012,True,True,True
Kaliori,2026,2,2026Q2,0.4273145499981504,Sentinel-2,2.460886789438052,VIIRS,1.3866208353687832,True,True,True
Gunem,2026,2,2026Q2,0.6269052064503723,Sentinel-2,1.3009896699630932,VIIRS,0.7330606961331707,True,True,True
Sale,2026,2,2026Q2,0.6472085392143603,Sentinel-2,1.049319612795022,VIIRS,0.5912537075283074,True,True,True
Sumber,2026,2,2026Q2,0.5145780740297983,Sentinel-2,1.7360000133514404,VIIRS,0.97817331502002,True,True,True
Bulu,2026,2,2026Q2,0.6422933875129051,Sentinel-2,1.0133161875671963,VIIRS,0.5709670776110713,True,True,True
