kecamatan,periode,tahun,triwulan,n_scenes,ndbi_mean,ndbi_fraction,urban_index_mean
Rembang,2017Q2,2017,2,1,-0.0261,0.434,-0.5471
Pancur,2017Q2,2017,2,1,-0.1906,0.1282,-0.9318
Lasem,2017Q2,2017,2,1,-0.1531,0.2105,-0.776
Kragan,2017Q2,2017,2,1,-0.1676,0.1608,-0.8561
Sluke,2017Q2,2017,2,1,-0.193,0.1181,-0.895
Pamotan,2017Q2,2017,2,1,-0.1303,0.187,-0.8089
Sulang,2017Q2,2017,2,1,-0.1003,0.2581,-0.7433
Sarang,2017Q2,2017,2,1,-0.1117,0.2328,-0.7625
Sedan,2017Q2,2017,2,1,-0.1763,0.1267,-0.9078
Kaliori,2017Q2,2017,2,1,-0.0099,0.5215,-0.4217
Gunem,2017Q2,2017,2,1,-0.1428,0.1834,-0.8415
Sale,2017Q2,2017,2,1,-0.1801,0.0993,-0.9244
Sumber,2017Q2,2017,2,1,-0.0471,0.3907,-0.6387
Bulu,2017Q2,2017,2,1,-0.1483,0.1698,-0.8583
Rembang,2017Q3,2017,3,1,0.0466,0.709,-0.3479
Pancur,2017Q3,2017,3,1,-0.081,0.2944,-0.6835
Lasem,2017Q3,2017,3,1,-0.076,0.3234,-0.5888
Kragan,2017Q3,2017,3,1,-0.0527,0.3773,-0.597
Sluke,2017Q3,2017,3,1,-0.0745,0.3237,-0.6278
Pamotan,2017Q3,2017,3,1,-0.0046,0.4663,-0.5181
Sulang,2017Q3,2017,3,1,-0.0159,0.4273,-0.5425
Sarang,2017Q3,2017,3,1,0.0652,0.7377,-0.3676
Sedan,2017Q3,2017,3,1,-0.0289,0.422,-0.5865
Kaliori,2017Q3,2017,3,1,0.0134,0.6831,-0.2862
Gunem,2017Q3,2017,3,1,-0.0071,0.4719,-0.5345
Sale,2017Q3,2017,3,1,0.0049,0.5278,-0.5513
Sumber,2017Q3,2017,3,1,0.0116,0.5439,-0.4788
Bulu,2017Q3,2017,3,1,-0.0455,0.337,-0.6425
Rembang,2017Q4,2017,4,0,,,
Pancur,2017Q4,2017,4,0,,,
Lasem,2017Q4,2017,4,0,,,
Kragan,2017Q4,2017,4,0,,,
Sluke,2017Q4,2017,4,0,,,
Pamotan,2017Q4,2017,4,0,,,
Sulang,2017Q4,2017,4,0,,,
Sarang,2017Q4,2017,4,0,,,
Sedan,2017Q4,2017,4,0,,,
Kaliori,2017Q4,2017,4,0,,,
Gunem,2017Q4,2017,4,0,,,
Sale,2017Q4,2017,4,0,,,
Sumber,2017Q4,2017,4,0,,,
Bulu,2017Q4,2017,4,0,,,
Rembang,2018Q1,2018,1,0,,,
Pancur,2018Q1,2018,1,0,,,
Lasem,2018Q1,2018,1,0,,,
Kragan,2018Q1,2018,1,0,,,
Sluke,2018Q1,2018,1,0,,,
Pamotan,2018Q1,2018,1,0,,,
Sulang,2018Q1,2018,1,0,,,
Sarang,2018Q1,2018,1,0,,,
Sedan,2018Q1,2018,1,0,,,
Kaliori,2018Q1,2018,1,0,,,
Gunem,2018Q1,2018,1,0,,,
Sale,2018Q1,2018,1,0,,,
Sumber,2018Q1,2018,1,0,,,
Bulu,2018Q1,2018,1,0,,,
Rembang,2018Q2,2018,2,1,-0.0344,0.4421,-0.5433
Pancur,2018Q2,2018,2,1,-0.2022,0.1208,-0.9219
Lasem,2018Q2,2018,2,1,-0.1962,0.1605,-0.8163
Kragan,2018Q2,2018,2,1,-0.1542,0.2311,-0.789
Sluke,2018Q2,2018,2,1,-0.2313,0.0936,-0.9276
Pamotan,2018Q2,2018,2,1,-0.1353,0.194,-0.7857
Sulang,2018Q2,2018,2,1,-0.1156,0.2403,-0.7498
Sarang,2018Q2,2018,2,1,-0.0896,0.3167,-0.6901
Sedan,2018Q2,2018,2,1,-0.1608,0.1715,-0.8426
Kaliori,2018Q2,2018,2,1,-0.1401,0.2708,-0.648
Gunem,2018Q2,2018,2,1,-0.1582,0.1798,-0.8461
Sale,2018Q2,2018,2,1,-0.1823,0.1177,-0.8991
Sumber,2018Q2,2018,2,1,-0.1399,0.208,-0.7902
Bulu,2018Q2,2018,2,1,-0.1435,0.1952,-0.828
Rembang,2018Q3,2018,3,1,0.0697,0.8026,-0.2067
Pancur,2018Q3,2018,3,1,-0.0882,0.296,-0.6162
Lasem,2018Q3,2018,3,1,-0.077,0.3145,-0.501
Kragan,2018Q3,2018,3,1,-0.0567,0.3744,-0.5465
Sluke,2018Q3,2018,3,1,-0.0605,0.378,-0.5508
Pamotan,2018Q3,2018,3,1,0.0142,0.5611,-0.434
Sulang,2018Q3,2018,3,1,-0.0155,0.4429,-0.4419
Sarang,2018Q3,2018,3,1,0.0596,0.7271,-0.3698
Sedan,2018Q3,2018,3,1,-0.0295,0.4383,-0.585
Kaliori,2018Q3,2018,3,1,0.0268,0.6838,-0.2115
Gunem,2018Q3,2018,3,1,0.0311,0.5834,-0.4477
Sale,2018Q3,2018,3,1,0.0041,0.5358,-0.5522
Sumber,2018Q3,2018,3,1,0.0159,0.5659,-0.3953
Bulu,2018Q3,2018,3,1,-0.0279,0.4277,-0.5591
Rembang,2018Q4,2018,4,1,0.1277,0.9155,-0.1013
Pancur,2018Q4,2018,4,1,0.0328,0.6723,-0.3709
Lasem,2018Q4,2018,4,1,0.0323,0.6657,-0.311
Kragan,2018Q4,2018,4,1,0.0436,0.6772,-0.3416
Sluke,2018Q4,2018,4,1,0.0389,0.6922,-0.3414
Pamotan,2018Q4,2018,4,1,0.1183,0.8858,-0.1836
Sulang,2018Q4,2018,4,1,0.1333,0.942,-0.1513
Sarang,2018Q4,2018,4,1,0.1376,0.9205,-0.131
Sedan,2018Q4,2018,4,1,0.0838,0.8339,-0.2544
Kaliori,2018Q4,2018,4,1,0.0732,0.7858,-0.1165
Gunem,2018Q4,2018,4,1,0.1302,0.8841,-0.1804
Sale,2018Q4,2018,4,1,0.1028,0.8369,-0.2501
Sumber,2018Q4,2018,4,1,0.0931,0.8716,-0.2448
Bulu,2018Q4,2018,4,1,0.1111,0.8819,-0.2365
Rembang,2019Q1,2019,1,4,-0.1366,0.1622,-0.663
Pancur,2019Q1,2019,1,4,-0.2308,0.0565,-0.8896
Lasem,2019Q1,2019,1,4,-0.2004,0.0917,-0.6661
Kragan,2019Q1,2019,1,4,-0.208,0.0701,-0.7365
Sluke,2019Q1,2019,1,4,-0.2169,0.0556,-0.6551
Pamotan,2019Q1,2019,1,4,-0.1995,0.0736,-0.8992
Sulang,2019Q1,2019,1,4,-0.1672,0.0962,-0.8133
Sarang,2019Q1,2019,1,4,-0.2141,0.0588,-0.8203
Sedan,2019Q1,2019,1,4,-0.2279,0.0446,-0.8582
Kaliori,2019Q1,2019,1,4,-0.1891,0.1018,-0.6792
Gunem,2019Q1,2019,1,4,-0.1875,0.1028,-0.8353
Sale,2019Q1,2019,1,4,-0.2427,0.037,-0.9089
Sumber,2019Q1,2019,1,4,-0.183,0.0853,-0.8279
Bulu,2019Q1,2019,1,4,-0.2294,0.0436,-0.9732
Rembang,2019Q2,2019,2,10,-0.061,0.3117,-0.5377
Pancur,2019Q2,2019,2,10,-0.1897,0.085,-0.8499
Lasem,2019Q2,2019,2,10,-0.1747,0.1404,-0.7483
Kragan,2019Q2,2019,2,10,-0.1766,0.1045,-0.8012
Sluke,2019Q2,2019,2,10,-0.2082,0.0936,-0.8736
Pamotan,2019Q2,2019,2,10,-0.1365,0.1482,-0.7394
Sulang,2019Q2,2019,2,10,-0.1194,0.1922,-0.7015
Sarang,2019Q2,2019,2,10,-0.1314,0.1349,-0.6897
Sedan,2019Q2,2019,2,10,-0.1708,0.0657,-0.772
Kaliori,2019Q2,2019,2,10,-0.1375,0.1586,-0.5391
Gunem,2019Q2,2019,2,10,-0.1177,0.169,-0.6941
Sale,2019Q2,2019,2,10,-0.1594,0.0819,-0.7982
Sumber,2019Q2,2019,2,10,-0.1188,0.1993,-0.6783
Bulu,2019Q2,2019,2,10,-0.1328,0.1706,-0.7763
Rembang,2019Q3,2019,3,15,0.1016,0.8821,-0.1492
Pancur,2019Q3,2019,3,15,0.0048,0.5868,-0.4474
Lasem,2019Q3,2019,3,15,-0.0109,0.5215,-0.4023
Kragan,2019Q3,2019,3,15,-0.0006,0.5473,-0.4395
Sluke,2019Q3,2019,3,15,-0.0218,0.4911,-0.4679
Pamotan,2019Q3,2019,3,15,0.0729,0.7794,-0.264
Sulang,2019Q3,2019,3,15,0.0772,0.8227,-0.2536
Sarang,2019Q3,2019,3,15,0.0938,0.8571,-0.2236
Sedan,2019Q3,2019,3,15,0.0462,0.7222,-0.3529
Kaliori,2019Q3,2019,3,15,0.0607,0.7597,-0.1284
Gunem,2019Q3,2019,3,15,0.0932,0.7822,-0.2311
Sale,2019Q3,2019,3,15,0.0943,0.813,-0.2585
Sumber,2019Q3,2019,3,15,0.0759,0.8041,-0.264
Bulu,2019Q3,2019,3,15,0.0638,0.741,-0.3412
Rembang,2019Q4,2019,4,10,0.1236,0.9135,-0.0964
Pancur,2019Q4,2019,4,10,0.0281,0.6521,-0.3407
Lasem,2019Q4,2019,4,10,0.0138,0.5953,-0.2902
Kragan,2019Q4,2019,4,10,0.0408,0.6638,-0.3363
Sluke,2019Q4,2019,4,10,0.0091,0.578,-0.3842
Pamotan,2019Q4,2019,4,10,0.1119,0.8749,-0.1689
Sulang,2019Q4,2019,4,10,0.1219,0.9418,-0.1385
Sarang,2019Q4,2019,4,10,0.1378,0.9263,-0.1086
Sedan,2019Q4,2019,4,10,0.0815,0.8354,-0.2345
Kaliori,2019Q4,2019,4,10,0.0878,0.8002,-0.0781
Gunem,2019Q4,2019,4,10,0.1285,0.8937,-0.1421
Sale,2019Q4,2019,4,10,0.0971,0.8214,-0.242
Sumber,2019Q4,2019,4,10,0.1255,0.9458,-0.1296
Bulu,2019Q4,2019,4,10,0.1073,0.8909,-0.201
Rembang,2020Q1,2020,1,3,-0.0727,0.2724,-0.5311
Pancur,2020Q1,2020,1,3,-0.1769,0.0634,-0.5755
Lasem,2020Q1,2020,1,3,-0.1538,0.094,-0.438
Kragan,2020Q1,2020,1,3,-0.1593,0.089,-0.3894
Sluke,2020Q1,2020,1,3,-0.2277,0.0159,-0.4373
Pamotan,2020Q1,2020,1,3,-0.1423,0.1195,-0.7308
Sulang,2020Q1,2020,1,3,-0.1369,0.1323,-0.7109
Sarang,2020Q1,2020,1,3,-0.1096,0.2208,-0.6402
Sedan,2020Q1,2020,1,3,-0.2053,0.031,-0.6756
Kaliori,2020Q1,2020,1,3,-0.1423,0.1918,-0.5496
Gunem,2020Q1,2020,1,3,-0.1793,0.0552,-0.5767
Sale,2020Q1,2020,1,3,-0.2254,0.0353,-0.73
Sumber,2020Q1,2020,1,3,-0.1629,0.0785,-0.738
Bulu,2020Q1,2020,1,3,-0.2036,0.044,-0.8196
Rembang,2020Q2,2020,2,7,-0.0598,0.3035,-0.5082
Pancur,2020Q2,2020,2,7,-0.2212,0.0563,-0.8832
Lasem,2020Q2,2020,2,7,-0.1842,0.101,-0.7298
Kragan,2020Q2,2020,2,7,-0.1823,0.0753,-0.7447
Sluke,2020Q2,2020,2,7,-0.221,0.0737,-0.8525
Pamotan,2020Q2,2020,2,7,-0.1572,0.0965,-0.7528
Sulang,2020Q2,2020,2,7,-0.1182,0.1994,-0.7143
Sarang,2020Q2,2020,2,7,-0.1311,0.0985,-0.6293
Sedan,2020Q2,2020,2,7,-0.1975,0.0348,-0.7739
Kaliori,2020Q2,2020,2,7,-0.1121,0.2379,-0.4876
Gunem,2020Q2,2020,2,7,-0.1294,0.1346,-0.7154
Sale,2020Q2,2020,2,7,-0.1979,0.0475,-0.8582
Sumber,2020Q2,2020,2,7,-0.0949,0.2416,-0.6497
Bulu,2020Q2,2020,2,7,-0.1467,0.1467,-0.8108
Rembang,2020Q3,2020,3,16,0.0906,0.8491,-0.1786
Pancur,2020Q3,2020,3,16,-0.0523,0.4087,-0.5597
Lasem,2020Q3,2020,3,16,-0.0353,0.4434,-0.4714
Kragan,2020Q3,2020,3,16,-0.0572,0.3625,-0.5879
Sluke,2020Q3,2020,3,16,-0.1071,0.1861,-0.6846
Pamotan,2020Q3,2020,3,16,0.0143,0.5431,-0.3728
Sulang,2020Q3,2020,3,16,0.013,0.5471,-0.3531
Sarang,2020Q3,2020,3,16,0.0327,0.6397,-0.3875
Sedan,2020Q3,2020,3,16,-0.0396,0.3493,-0.5323
Kaliori,2020Q3,2020,3,16,0.0436,0.7312,-0.176
Gunem,2020Q3,2020,3,16,0.0238,0.5621,-0.3946
Sale,2020Q3,2020,3,16,0.0028,0.5251,-0.4629
Sumber,2020Q3,2020,3,16,-0.0008,0.4741,-0.3842
Bulu,2020Q3,2020,3,16,-0.0064,0.4555,-0.4639
Rembang,2020Q4,2020,4,0,,,
Pancur,2020Q4,2020,4,0,,,
Lasem,2020Q4,2020,4,0,,,
Kragan,2020Q4,2020,4,0,,,
Sluke,2020Q4,2020,4,0,,,
Pamotan,2020Q4,2020,4,0,,,
Sulang,2020Q4,2020,4,0,,,
Sarang,2020Q4,2020,4,0,,,
Sedan,2020Q4,2020,4,0,,,
Kaliori,2020Q4,2020,4,0,,,
Gunem,2020Q4,2020,4,0,,,
Sale,2020Q4,2020,4,0,,,
Sumber,2020Q4,2020,4,0,,,
Bulu,2020Q4,2020,4,0,,,
Rembang,2021Q1,2021,1,3,-0.1505,0.1496,-0.5916
Pancur,2021Q1,2021,1,3,-0.2329,0.0501,-0.887
Lasem,2021Q1,2021,1,3,-0.2273,0.0889,-0.7934
Kragan,2021Q1,2021,1,3,-0.2274,0.0772,-0.8443
Sluke,2021Q1,2021,1,3,-0.1961,0.0572,-0.6427
Pamotan,2021Q1,2021,1,3,-0.1974,0.0767,-0.8574
Sulang,2021Q1,2021,1,3,-0.1947,0.0703,-0.861
Sarang,2021Q1,2021,1,3,-0.1794,0.1152,-0.7281
Sedan,2021Q1,2021,1,3,-0.2256,0.078,-0.9233
Kaliori,2021Q1,2021,1,3,-0.1737,0.138,-0.5245
Gunem,2021Q1,2021,1,3,-0.1213,0.2795,-0.7288
Sale,2021Q1,2021,1,3,-0.2135,0.097,-0.9147
Sumber,2021Q1,2021,1,3,-0.1607,0.1096,-0.7544
Bulu,2021Q1,2021,1,3,-0.2031,0.0856,-0.9296
Rembang,2021Q2,2021,2,5,-0.015,0.4634,-0.4031
Pancur,2021Q2,2021,2,5,-0.1881,0.0867,-0.8639
Lasem,2021Q2,2021,2,5,-0.1511,0.1721,-0.7064
Kragan,2021Q2,2021,2,5,-0.1813,0.1025,-0.8171
Sluke,2021Q2,2021,2,5,-0.185,0.0826,-0.795
Pamotan,2021Q2,2021,2,5,-0.1196,0.1489,-0.7014
Sulang,2021Q2,2021,2,5,-0.0666,0.2999,-0.6458
Sarang,2021Q2,2021,2,5,-0.083,0.2656,-0.6395
Sedan,2021Q2,2021,2,5,-0.1699,0.0827,-0.8194
Kaliori,2021Q2,2021,2,5,-0.026,0.4826,-0.3694
Gunem,2021Q2,2021,2,5,-0.0791,0.3084,-0.6714
Sale,2021Q2,2021,2,5,-0.124,0.1192,-0.7537
Sumber,2021Q2,2021,2,5,-0.0573,0.3188,-0.5999
Bulu,2021Q2,2021,2,5,-0.1197,0.1557,-0.776
Rembang,2021Q3,2021,3,9,0.1056,0.8523,-0.2043
Pancur,2021Q3,2021,3,9,-0.0485,0.4147,-0.6141
Lasem,2021Q3,2021,3,9,-0.0541,0.3828,-0.5432
Kragan,2021Q3,2021,3,9,-0.037,0.4382,-0.5634
Sluke,2021Q3,2021,3,9,-0.1183,0.1697,-0.7188
Pamotan,2021Q3,2021,3,9,0.0208,0.5777,-0.4518
Sulang,2021Q3,2021,3,9,0.0074,0.5303,-0.4769
Sarang,2021Q3,2021,3,9,0.0776,0.7943,-0.3242
Sedan,2021Q3,2021,3,9,0.0017,0.553,-0.5067
Kaliori,2021Q3,2021,3,9,0.0315,0.7083,-0.2501
Gunem,2021Q3,2021,3,9,0.0527,0.6566,-0.3956
Sale,2021Q3,2021,3,9,0.0468,0.6994,-0.4635
Sumber,2021Q3,2021,3,9,-0.0017,0.4874,-0.505
Bulu,2021Q3,2021,3,9,-0.0113,0.4603,-0.5624
Rembang,2021Q4,2021,4,7,0.1402,0.9061,-0.1127
Pancur,2021Q4,2021,4,7,-0.0815,0.2694,-0.6334
Lasem,2021Q4,2021,4,7,-0.039,0.4085,-0.4622
Kragan,2021Q4,2021,4,7,-0.0655,0.3209,-0.6037
Sluke,2021Q4,2021,4,7,-0.1083,0.2043,-0.6845
Pamotan,2021Q4,2021,4,7,0.0413,0.6389,-0.3742
Sulang,2021Q4,2021,4,7,0.0593,0.7089,-0.3332
Sarang,2021Q4,2021,4,7,0.03,0.6222,-0.3919
Sedan,2021Q4,2021,4,7,-0.0349,0.4234,-0.5451
Kaliori,2021Q4,2021,4,7,0.0963,0.7931,-0.0946
Gunem,2021Q4,2021,4,7,0.0184,0.5681,-0.422
Sale,2021Q4,2021,4,7,-0.0757,0.2851,-0.6427
Sumber,2021Q4,2021,4,7,0.0474,0.6752,-0.3596
Bulu,2021Q4,2021,4,7,-0.0097,0.489,-0.5143
Rembang,2022Q1,2022,1,3,-0.1203,0.1537,-0.5574
Pancur,2022Q1,2022,1,3,-0.2251,0.0559,-0.8822
Lasem,2022Q1,2022,1,3,-0.202,0.0727,-0.6885
Kragan,2022Q1,2022,1,3,-0.211,0.0823,-0.8353
Sluke,2022Q1,2022,1,3,-0.2053,0.0806,-0.7632
Pamotan,2022Q1,2022,1,3,-0.1825,0.075,-0.792
Sulang,2022Q1,2022,1,3,-0.1853,0.052,-0.763
Sarang,2022Q1,2022,1,3,-0.1838,0.0772,-0.7778
Sedan,2022Q1,2022,1,3,-0.2166,0.0659,-0.8943
Kaliori,2022Q1,2022,1,3,-0.2072,0.1032,-0.6067
Gunem,2022Q1,2022,1,3,-0.1435,0.1143,-0.6394
Sale,2022Q1,2022,1,3,-0.2074,0.0622,-0.874
Sumber,2022Q1,2022,1,3,-0.1946,0.0636,-0.7651
Bulu,2022Q1,2022,1,3,-0.1904,0.0398,-0.7895
Rembang,2022Q2,2022,2,5,-0.0741,0.2513,-0.5583
Pancur,2022Q2,2022,2,5,-0.211,0.0746,-0.9059
Lasem,2022Q2,2022,2,5,-0.1954,0.1126,-0.773
Kragan,2022Q2,2022,2,5,-0.18,0.0795,-0.7466
Sluke,2022Q2,2022,2,5,-0.2195,0.0615,-0.803
Pamotan,2022Q2,2022,2,5,-0.1623,0.0971,-0.7961
Sulang,2022Q2,2022,2,5,-0.1456,0.1061,-0.7658
Sarang,2022Q2,2022,2,5,-0.1456,0.0963,-0.7345
Sedan,2022Q2,2022,2,5,-0.1971,0.0418,-0.8008
Kaliori,2022Q2,2022,2,5,-0.1094,0.1734,-0.4497
Gunem,2022Q2,2022,2,5,-0.1572,0.0913,-0.759
Sale,2022Q2,2022,2,5,-0.1656,0.0456,-0.8053
Sumber,2022Q2,2022,2,5,-0.1184,0.1487,-0.6914
Bulu,2022Q2,2022,2,5,-0.1679,0.0695,-0.8465
Rembang,2022Q3,2022,3,7,-0.0191,0.4318,-0.4961
Pancur,2022Q3,2022,3,7,-0.1462,0.1417,-0.8076
Lasem,2022Q3,2022,3,7,-0.1391,0.1715,-0.7181
Kragan,2022Q3,2022,3,7,-0.1426,0.1578,-0.7759
Sluke,2022Q3,2022,3,7,-0.1937,0.1009,-0.8688
Pamotan,2022Q3,2022,3,7,-0.0826,0.2425,-0.6766
Sulang,2022Q3,2022,3,7,-0.0747,0.2383,-0.6573
Sarang,2022Q3,2022,3,7,-0.0676,0.2549,-0.6433
Sedan,2022Q3,2022,3,7,-0.1185,0.1483,-0.7662
Kaliori,2022Q3,2022,3,7,-0.0553,0.3102,-0.4471
Gunem,2022Q3,2022,3,7,-0.058,0.3453,-0.6478
Sale,2022Q3,2022,3,7,-0.0573,0.2935,-0.686
Sumber,2022Q3,2022,3,7,-0.0495,0.3255,-0.6033
Bulu,2022Q3,2022,3,7,-0.0991,0.1692,-0.7259
Rembang,2022Q4,2022,4,2,-0.0862,0.2445,-0.6099
Pancur,2022Q4,2022,4,2,-0.2025,0.0971,-0.8805
Lasem,2022Q4,2022,4,2,-0.181,0.1385,-0.783
Kragan,2022Q4,2022,4,2,-0.1353,0.1679,-0.7801
Sluke,2022Q4,2022,4,2,-0.1706,0.1061,-0.7625
Pamotan,2022Q4,2022,4,2,-0.1199,0.1657,-0.7471
Sulang,2022Q4,2022,4,2,-0.1273,0.1404,-0.7637
Sarang,2022Q4,2022,4,2,-0.1204,0.1857,-0.6976
Sedan,2022Q4,2022,4,2,-0.1818,0.0846,-0.8615
Kaliori,2022Q4,2022,4,2,-0.0837,0.2345,-0.4633
Gunem,2022Q4,2022,4,2,-0.1441,0.116,-0.7863
Sale,2022Q4,2022,4,2,-0.1825,0.0707,-0.8128
Sumber,2022Q4,2022,4,2,-0.1112,0.1216,-0.7056
Bulu,2022Q4,2022,4,2,-0.1707,0.0806,-0.8685
Rembang,2023Q1,2023,1,1,-0.1309,0.1784,-0.5015
Pancur,2023Q1,2023,1,1,-0.2347,0.022,-0.4207
Lasem,2023Q1,2023,1,1,-0.2085,0.0816,-0.4373
Kragan,2023Q1,2023,1,1,-0.2188,0.0762,-0.6974
Sluke,2023Q1,2023,1,1,-0.1948,0.073,-0.5646
Pamotan,2023Q1,2023,1,1,-0.1797,0.0484,-0.472
Sulang,2023Q1,2023,1,1,-0.1734,0.0815,-0.6722
Sarang,2023Q1,2023,1,1,-0.1927,0.0786,-0.6179
Sedan,2023Q1,2023,1,1,-0.224,0.0436,-0.6521
Kaliori,2023Q1,2023,1,1,-0.1692,0.1547,-0.4703
Gunem,2023Q1,2023,1,1,-0.185,0.0645,-0.3783
Sale,2023Q1,2023,1,1,-0.2071,0.0375,-0.5512
Sumber,2023Q1,2023,1,1,-0.1463,0.1401,-0.6427
Bulu,2023Q1,2023,1,1,-0.1918,0.0444,-0.4539
Rembang,2023Q2,2023,2,9,-0.0162,0.4497,-0.4461
Pancur,2023Q2,2023,2,9,-0.162,0.1152,-0.8283
Lasem,2023Q2,2023,2,9,-0.1377,0.1825,-0.7013
Kragan,2023Q2,2023,2,9,-0.1214,0.211,-0.7219
Sluke,2023Q2,2023,2,9,-0.1629,0.114,-0.7933
Pamotan,2023Q2,2023,2,9,-0.0983,0.1945,-0.6801
Sulang,2023Q2,2023,2,9,-0.0771,0.286,-0.653
Sarang,2023Q2,2023,2,9,-0.0819,0.2646,-0.632
Sedan,2023Q2,2023,2,9,-0.1271,0.1526,-0.7588
Kaliori,2023Q2,2023,2,9,-0.0201,0.494,-0.3498
Gunem,2023Q2,2023,2,9,-0.1152,0.2308,-0.715
Sale,2023Q2,2023,2,9,-0.1339,0.1022,-0.7948
Sumber,2023Q2,2023,2,9,-0.0269,0.4654,-0.5319
Bulu,2023Q2,2023,2,9,-0.1309,0.1855,-0.7914
Rembang,2023Q3,2023,3,16,0.0897,0.8272,-0.2228
Pancur,2023Q3,2023,3,16,-0.0345,0.4527,-0.5514
Lasem,2023Q3,2023,3,16,-0.0266,0.4669,-0.4602
Kragan,2023Q3,2023,3,16,-0.0216,0.4527,-0.514
Sluke,2023Q3,2023,3,16,-0.0255,0.484,-0.5074
Pamotan,2023Q3,2023,3,16,0.0471,0.6748,-0.358
Sulang,2023Q3,2023,3,16,0.0331,0.6392,-0.3932
Sarang,2023Q3,2023,3,16,0.0643,0.7591,-0.3292
Sedan,2023Q3,2023,3,16,0.0111,0.5796,-0.4544
Kaliori,2023Q3,2023,3,16,0.0222,0.6965,-0.2593
Gunem,2023Q3,2023,3,16,0.0448,0.6354,-0.3696
Sale,2023Q3,2023,3,16,0.0328,0.6532,-0.4451
Sumber,2023Q3,2023,3,16,0.0289,0.6385,-0.4014
Bulu,2023Q3,2023,3,16,0.0072,0.5362,-0.4803
Rembang,2023Q4,2023,4,9,0.1124,0.8793,-0.1326
Pancur,2023Q4,2023,4,9,-0.0397,0.4244,-0.5009
Lasem,2023Q4,2023,4,9,-0.0367,0.3964,-0.4395
Kragan,2023Q4,2023,4,9,0.039,0.6449,-0.3859
Sluke,2023Q4,2023,4,9,-0.0728,0.3046,-0.6198
Pamotan,2023Q4,2023,4,9,0.0645,0.7404,-0.2288
Sulang,2023Q4,2023,4,9,0.0783,0.8043,-0.1933
Sarang,2023Q4,2023,4,9,0.1176,0.853,-0.1739
Sedan,2023Q4,2023,4,9,0.0392,0.6758,-0.3334
Kaliori,2023Q4,2023,4,9,0.0772,0.7837,-0.1248
Gunem,2023Q4,2023,4,9,0.0858,0.7503,-0.2103
Sale,2023Q4,2023,4,9,0.0358,0.6166,-0.3626
Sumber,2023Q4,2023,4,9,0.0978,0.8727,-0.1827
Bulu,2023Q4,2023,4,9,0.0498,0.6977,-0.2808
Rembang,2024Q1,2024,1,1,-0.1702,0.1673,-0.735
Pancur,2024Q1,2024,1,1,-0.2351,0.0615,-0.8812
Lasem,2024Q1,2024,1,1,-0.2072,0.1182,-0.7623
Kragan,2024Q1,2024,1,1,-0.1915,0.1213,-0.6837
Sluke,2024Q1,2024,1,1,-0.2336,0.079,-0.8784
Pamotan,2024Q1,2024,1,1,-0.1998,0.0937,-0.7936
Sulang,2024Q1,2024,1,1,-0.1857,0.1031,-0.8706
Sarang,2024Q1,2024,1,1,-0.1436,0.1728,-0.5473
Sedan,2024Q1,2024,1,1,-0.1845,0.1078,-0.718
Kaliori,2024Q1,2024,1,1,-0.1969,0.1332,-0.6443
Gunem,2024Q1,2024,1,1,-0.1059,0.3285,-0.6655
Sale,2024Q1,2024,1,1,-0.1993,0.1295,-0.8111
Sumber,2024Q1,2024,1,1,-0.1548,0.1536,-0.7787
Bulu,2024Q1,2024,1,1,-0.1782,0.1505,-0.8779
Rembang,2024Q2,2024,2,6,-0.0008,0.5227,-0.4379
Pancur,2024Q2,2024,2,6,-0.1767,0.1407,-0.8566
Lasem,2024Q2,2024,2,6,-0.1557,0.1949,-0.7279
Kragan,2024Q2,2024,2,6,-0.194,0.1085,-0.8474
Sluke,2024Q2,2024,2,6,-0.2091,0.1028,-0.8676
Pamotan,2024Q2,2024,2,6,-0.1173,0.2069,-0.732
Sulang,2024Q2,2024,2,6,-0.076,0.3201,-0.6499
Sarang,2024Q2,2024,2,6,-0.103,0.2409,-0.6794
Sedan,2024Q2,2024,2,6,-0.1675,0.1195,-0.8397
Kaliori,2024Q2,2024,2,6,-0.0517,0.4383,-0.4467
Gunem,2024Q2,2024,2,6,-0.1464,0.1875,-0.8026
Sale,2024Q2,2024,2,6,-0.1846,0.1042,-0.8966
Sumber,2024Q2,2024,2,6,-0.0415,0.4471,-0.5692
Bulu,2024Q2,2024,2,6,-0.1138,0.2707,-0.7536
Rembang,2024Q3,2024,3,15,0.0841,0.8272,-0.204
Pancur,2024Q3,2024,3,15,-0.0273,0.4634,-0.5224
Lasem,2024Q3,2024,3,15,-0.0278,0.4503,-0.4522
Kragan,2024Q3,2024,3,15,0.0145,0.59,-0.4116
Sluke,2024Q3,2024,3,15,-0.0482,0.3723,-0.5389
Pamotan,2024Q3,2024,3,15,0.0657,0.7433,-0.3152
Sulang,2024Q3,2024,3,15,0.0682,0.7795,-0.3022
Sarang,2024Q3,2024,3,15,0.1003,0.8496,-0.2238
Sedan,2024Q3,2024,3,15,0.0323,0.6555,-0.3879
Kaliori,2024Q3,2024,3,15,0.0321,0.7015,-0.1893
Gunem,2024Q3,2024,3,15,0.0803,0.7282,-0.3094
Sale,2024Q3,2024,3,15,0.0679,0.7533,-0.3684
Sumber,2024Q3,2024,3,15,0.0716,0.785,-0.2904
Bulu,2024Q3,2024,3,15,0.0717,0.759,-0.3478
Rembang,2024Q4,2024,4,3,0.1443,0.9114,-0.074
Pancur,2024Q4,2024,4,3,-0.03,0.4425,-0.4637
Lasem,2024Q4,2024,4,3,-0.0077,0.4875,-0.3087
Kragan,2024Q4,2024,4,3,0.0598,0.6796,-0.2314
Sluke,2024Q4,2024,4,3,0.0033,0.552,-0.2669
Pamotan,2024Q4,2024,4,3,0.1012,0.8403,-0.2065
Sulang,2024Q4,2024,4,3,0.1114,0.8517,-0.2338
Sarang,2024Q4,2024,4,3,0.1333,0.8917,-0.1079
Sedan,2024Q4,2024,4,3,0.0467,0.646,-0.298
Kaliori,2024Q4,2024,4,3,0.0977,0.7943,-0.0702
Gunem,2024Q4,2024,4,3,0.0489,0.6577,-0.3745
Sale,2024Q4,2024,4,3,0.0496,0.6487,-0.3602
Sumber,2024Q4,2024,4,3,0.1029,0.8218,-0.2528
Bulu,2024Q4,2024,4,3,0.025,0.6248,-0.4568
Rembang,2025Q1,2025,1,1,-0.1798,0.1702,-0.6774
Pancur,2025Q1,2025,1,1,-0.2618,0.0571,-0.6649
Lasem,2025Q1,2025,1,1,-0.2264,0.1378,-0.8055
Kragan,2025Q1,2025,1,1,-0.2404,0.0884,-0.6029
Sluke,2025Q1,2025,1,1,-0.2482,0.0978,-0.9031
Pamotan,2025Q1,2025,1,1,-0.2255,0.076,-0.7962
Sulang,2025Q1,2025,1,1,-0.242,0.0374,-0.6006
Sarang,2025Q1,2025,1,1,-0.2021,0.1267,-0.8338
Sedan,2025Q1,2025,1,1,-0.249,0.0208,-0.5252
Kaliori,2025Q1,2025,1,1,-0.2332,0.111,-0.5908
Gunem,2025Q1,2025,1,1,-0.1613,0.1756,-0.6969
Sale,2025Q1,2025,1,1,-0.2187,0.0766,-0.7094
Sumber,2025Q1,2025,1,1,-0.198,0.0934,-0.6856
Bulu,2025Q1,2025,1,1,-0.2182,0.0697,-0.6968
Rembang,2025Q2,2025,2,6,-0.096,0.2313,-0.6168
Pancur,2025Q2,2025,2,6,-0.2119,0.0823,-0.934
Lasem,2025Q2,2025,2,6,-0.1958,0.1106,-0.7906
Kragan,2025Q2,2025,2,6,-0.1964,0.0933,-0.8445
Sluke,2025Q2,2025,2,6,-0.2335,0.0777,-0.9322
Pamotan,2025Q2,2025,2,6,-0.1469,0.1381,-0.7978
Sulang,2025Q2,2025,2,6,-0.1177,0.1798,-0.7013
Sarang,2025Q2,2025,2,6,-0.1747,0.0785,-0.7699
Sedan,2025Q2,2025,2,6,-0.1923,0.0634,-0.8354
Kaliori,2025Q2,2025,2,6,-0.1444,0.1582,-0.5591
Gunem,2025Q2,2025,2,6,-0.1426,0.1324,-0.7458
Sale,2025Q2,2025,2,6,-0.1731,0.0682,-0.871
Sumber,2025Q2,2025,2,6,-0.0931,0.2121,-0.6417
Bulu,2025Q2,2025,2,6,-0.1569,0.1184,-0.8225
Rembang,2025Q3,2025,3,9,-0.0017,0.5051,-0.4135
Pancur,2025Q3,2025,3,9,-0.1344,0.1432,-0.7596
Lasem,2025Q3,2025,3,9,-0.126,0.1922,-0.6838
Kragan,2025Q3,2025,3,9,-0.1531,0.1256,-0.7814
Sluke,2025Q3,2025,3,9,-0.1893,0.0831,-0.8408
Pamotan,2025Q3,2025,3,9,-0.0723,0.237,-0.6098
Sulang,2025Q3,2025,3,9,-0.065,0.2496,-0.627
Sarang,2025Q3,2025,3,9,-0.0704,0.2215,-0.6312
Sedan,2025Q3,2025,3,9,-0.1106,0.1459,-0.7233
Kaliori,2025Q3,2025,3,9,-0.0271,0.4684,-0.3834
Gunem,2025Q3,2025,3,9,-0.0599,0.3349,-0.6241
Sale,2025Q3,2025,3,9,-0.0493,0.2976,-0.6404
Sumber,2025Q3,2025,3,9,-0.0267,0.3837,-0.5431
Bulu,2025Q3,2025,3,9,-0.083,0.2173,-0.7034
Rembang,2025Q4,2025,4,3,0.0725,0.7693,-0.2641
Pancur,2025Q4,2025,4,3,-0.0663,0.3618,-0.6377
Lasem,2025Q4,2025,4,3,-0.0962,0.2628,-0.6397
Kragan,2025Q4,2025,4,3,-0.0979,0.245,-0.6968
Sluke,2025Q4,2025,4,3,-0.1217,0.1871,-0.7442
Pamotan,2025Q4,2025,4,3,0.0007,0.5004,-0.4396
Sulang,2025Q4,2025,4,3,-0.0255,0.4047,-0.4988
Sarang,2025Q4,2025,4,3,0.01,0.533,-0.4731
Sedan,2025Q4,2025,4,3,-0.065,0.3121,-0.5842
Kaliori,2025Q4,2025,4,3,0.0287,0.641,-0.245
Gunem,2025Q4,2025,4,3,0.0172,0.5501,-0.4626
Sale,2025Q4,2025,4,3,-0.0086,0.4736,-0.4765
Sumber,2025Q4,2025,4,3,0.029,0.6165,-0.3815
Bulu,2025Q4,2025,4,3,-0.0566,0.3334,-0.6222
Rembang,2026Q1,2026,1,4,-0.1447,0.1614,-0.5874
Pancur,2026Q1,2026,1,4,-0.2297,0.053,-0.8223
Lasem,2026Q1,2026,1,4,-0.2016,0.1055,-0.7439
Kragan,2026Q1,2026,1,4,-0.2052,0.071,-0.6946
Sluke,2026Q1,2026,1,4,-0.2219,0.1052,-0.9065
Pamotan,2026Q1,2026,1,4,-0.1714,0.0957,-0.7188
Sulang,2026Q1,2026,1,4,-0.1715,0.0649,-0.6794
Sarang,2026Q1,2026,1,4,-0.1757,0.0897,-0.7017
Sedan,2026Q1,2026,1,4,-0.2183,0.05,-0.7787
Kaliori,2026Q1,2026,1,4,-0.1986,0.1051,-0.5483
Gunem,2026Q1,2026,1,4,-0.1334,0.2049,-0.6982
Sale,2026Q1,2026,1,4,-0.2118,0.0873,-0.8628
Sumber,2026Q1,2026,1,4,-0.1591,0.1028,-0.6347
Bulu,2026Q1,2026,1,4,-0.1711,0.123,-0.7658
Rembang,2026Q2,2026,2,8,-0.0846,0.2619,-0.6158
Pancur,2026Q2,2026,2,8,-0.2158,0.0829,-0.9611
Lasem,2026Q2,2026,2,8,-0.1921,0.1324,-0.835
Kragan,2026Q2,2026,2,8,-0.1906,0.0927,-0.8311
Sluke,2026Q2,2026,2,8,-0.207,0.087,-0.8923
Pamotan,2026Q2,2026,2,8,-0.1557,0.1325,-0.8216
Sulang,2026Q2,2026,2,8,-0.1192,0.1931,-0.7246
Sarang,2026Q2,2026,2,8,-0.1628,0.0939,-0.766
Sedan,2026Q2,2026,2,8,-0.188,0.0833,-0.87
Kaliori,2026Q2,2026,2,8,-0.1496,0.1323,-0.5767
Gunem,2026Q2,2026,2,8,-0.1661,0.1204,-0.8203
Sale,2026Q2,2026,2,8,-0.1817,0.0611,-0.8744
Sumber,2026Q2,2026,2,8,-0.1182,0.1633,-0.6442
Bulu,2026Q2,2026,2,8,-0.1633,0.1161,-0.8482
